Hammadah al Hamra,312,11795,L6,882,Found,2000,29.28867,13.4985,"(29.28867, 13.4985)"
Hammadah al Hamra,313,11796,L6,64,Found,2000,29.324,13.56533,"(29.324, 13.56533)"
Hammadah al Hamra,344,55727,H~6,2318.4,Found,2000,28.99065,12.97985,"(28.99065, 12.97985)"
Harper Dry Lake,7,11838,H5,166.7,Found,2000,35.04953,-117.26357,"(35.04953, -117.26357)"
Harper Dry Lake,8,11839,H6,12.5,Found,2000,35.05193,-117.26138,"(35.05193, -117.26138)"
Hartsel,1,30725,H4,490,Found,2000,38.83333,-105.8,"(38.83333, -105.8)"
Hualapai Wash,1,11917,L6,240,Found,2000,35.86333,-114.19333,"(35.86333, -114.19333)"
Igdi,1,12002,Eucrite-mmict,1470,Found,2000,29.23333,-8.36667,"(29.23333, -8.36667)"
Jalu,1,12070,L6,150000,Found,2000,27.95833,21.68333,"(27.95833, 21.68333)"
Jarud Qi,1,49715,L5,452,Found,2000,44.61667,120.93333,"(44.61667, 120.93333)"
Jiddat al Harasis,18,12106,L6,202,Found,2000,19.29167,55.24333,"(19.29167, 55.24333)"
Jiddat al Harasis,19,12107,H6,150,Found,2000,19.56167,55.18833,"(19.56167, 55.18833)"
Jiddat al Harasis,20,12108,L6,1961,Found,2000,19.83139,56.08592,"(19.83139, 56.08592)"
Jiddat al Harasis,21,12109,H5,1400,Found,2000,19.27,56.09333,"(19.27, 56.09333)"
Jiddat al Harasis,22,12110,L5,654,Found,2000,19.43,56.98333,"(19.43, 56.98333)"
Jiddat al Harasis,23,12111,H4,73.7,Found,2000,19.43,56.315,"(19.43, 56.315)"
Jiddat al Harasis,24,12112,L5,832,Found,2000,19.43667,56.82667,"(19.43667, 56.82667)"
Jiddat al Harasis,25,12113,H5,388,Found,2000,19.43167,56.89833,"(19.43167, 56.89833)"
Jiddat al Harasis,26,12114,L3.1,565,Found,2000,19.22833,55.18,"(19.22833, 55.18)"
Jiddat al Harasis,27,12115,L6,810,Found,2000,19.25,56.15833,"(19.25, 56.15833)"
Jiddat al Harasis,28,12116,H4,1060,Found,2000,19.62167,55.40833,"(19.62167, 55.40833)"
Jiddat al Harasis,31,12117,LL5,83.27,Found,2000,19.83194,56.08472,"(19.83194, 56.08472)"
Jiddat al Harasis,58,12120,L6,4180,Found,2000,19.80618,56.68707,"(19.80618, 56.68707)"
Jiddat al Harasis,59,12121,H6,884,Found,2000,19.9384,56.78902,"(19.9384, 56.78902)"
Jiddat al Harasis,60,12122,L3,840,Found,2000,19.7627,56.68803,"(19.7627, 56.68803)"
Jiddat al Harasis,61,12123,Eucrite,141,Found,2000,19.77562,56.64048,"(19.77562, 56.64048)"
Jiddat al Harasis,62,12124,L6,903,Found,2000,19.75585,56.66702,"(19.75585, 56.66702)"
Jiddat al Harasis,63,12125,H5,444,Found,2000,19.7614,56.64458,"(19.7614, 56.64458)"
Jiddat al Harasis,64,12126,L6,1140,Found,2000,19.63623,55.64393,"(19.63623, 55.64393)"
Jiddat al Harasis,65,12127,L6,1253,Found,2000,19.25207,56.36367,"(19.25207, 56.36367)"
Jiddat al Harasis,66,12128,L6,810,Found,2000,19.08045,55.32072,"(19.08045, 55.32072)"
Jiddat al Harasis,67,12129,L6,557,Found,2000,19.27082,56.69713,"(19.27082, 56.69713)"
Jiddat al Harasis,68,12130,H6,686,Found,2000,19.65377,55.80458,"(19.65377, 55.80458)"
Jiddat al Harasis,395,53508,Diogenite,243,Found,2000,19.91667,56.25,"(19.91667, 56.25)"
Jiddat Arkad,1,12169,L6,672,Found,2000,18.72878,56.38732,"(18.72878, 56.38732)"
Jiddat Arkad,2,12170,H3-5,581,Found,2000,18.4254,56.82262,"(18.4254, 56.82262)"
Kharga,1,12290,Iron: IVA,1040,Found,2000,31.1325,25.04717,"(31.1325, 25.04717)"
Khatiyah,1,12292,H5,1500,Found,2000,25.43333,50.78333,"(25.43333, 50.78333)"
Meteorite Hills,1000,15496,L5,16.3,Found,2000,-79.68333,159.75,"(-79.68333, 159.75)"
Meteorite Hills,1001,15497,L5,4.8,Found,2000,-79.68333,159.75,"(-79.68333, 159.75)"
Meteorite Hills,1002,15498,H6,17.9,Found,2000,-79.68333,159.75,"(-79.68333, 159.75)"
Meteorite Hills,1003,15499,L6,13.4,Found,2000,-79.68333,159.75,"(-79.68333, 159.75)"
Meteorite Hills,1004,15500,L5,27,Found,2000,-79.68333,159.75,"(-79.68333, 159.75)"
Meteorite Hills,1005,15501,LL5,29.3,Found,2000,-79.68333,159.75,"(-79.68333, 159.75)"
Meteorite Hills,1006,15502,L5,10.6,Found,2000,-79.68333,159.75,"(-79.68333, 159.75)"
Meteorite Hills,1007,15503,L5,18.4,Found,2000,-79.68333,159.75,"(-79.68333, 159.75)"
Meteorite Hills,1008,15504,H6,10.7,Found,2000,-79.68333,159.75,"(-79.68333, 159.75)"
Meteorite Hills,1009,15505,L5,19.1,Found,2000,-79.68333,159.75,"(-79.68333, 159.75)"
Meteorite Hills,1010,15506,LL6,1.1,Found,2000,-79.68333,159.75,"(-79.68333, 159.75)"
Meteorite Hills,1011,15507,LL5,11.6,Found,2000,-79.68333,159.75,"(-79.68333, 159.75)"
Meteorite Hills,1012,15508,CM2,7.1,Found,2000,-79.68333,155.75,"(-79.68333, 155.75)"
Meteorite Hills,1013,15509,H6,10.1,Found,2000,-79.68333,159.75,"(-79.68333, 159.75)"
Meteorite Hills,1014,15510,H5,10.4,Found,2000,-79.68333,159.75,"(-79.68333, 159.75)"
Meteorite Hills,1015,15511,H6,22,Found,2000,-79.68333,159.75,"(-79.68333, 159.75)"
Meteorite Hills,1016,15512,H5,11.5,Found,2000,-79.68333,159.75,"(-79.68333, 159.75)"
Meteorite Hills,1017,15513,H6,18.7,Found,2000,-79.68333,159.75,"(-79.68333, 159.75)"
Meteorite Hills,1018,15514,H6,11.5,Found,2000,-79.68333,159.75,"(-79.68333, 159.75)"
Meteorite Hills,1019,15515,H5,23,Found,2000,-79.68333,159.75,"(-79.68333, 159.75)"
Meteorite Hills,1020,15516,L5,55.9,Found,2000,-79.68333,159.75,"(-79.68333, 159.75)"
Meteorite Hills,1021,15517,LL5,23,Found,2000,-79.68333,159.75,"(-79.68333, 159.75)"
Meteorite Hills,1022,15518,H5,19.3,Found,2000,-79.68333,159.75,"(-79.68333, 159.75)"
Meteorite Hills,1023,15519,LL6,35.4,Found,2000,-79.68333,159.75,"(-79.68333, 159.75)"
Meteorite Hills,1024,15520,LL6,19.7,Found,2000,-79.68333,159.75,"(-79.68333, 159.75)"
Meteorite Hills,1025,15521,LL5,31.7,Found,2000,-79.68333,159.75,"(-79.68333, 159.75)"
Meteorite Hills,1026,15522,L5,51.4,Found,2000,-79.68333,159.75,"(-79.68333, 159.75)"
Meteorite Hills,1027,15523,H5,18.2,Found,2000,-79.68333,159.75,"(-79.68333, 159.75)"
Meteorite Hills,1028,15524,H6,7.3,Found,2000,-79.68333,159.75,"(-79.68333, 159.75)"
Meteorite Hills,1029,15525,H5,34.8,Found,2000,-79.68333,159.75,"(-79.68333, 159.75)"
Meteorite Hills,1030,15526,H6,20.7,Found,2000,-79.68333,159.75,"(-79.68333, 159.75)"
Meteorite Hills,1031,15527,Mesosiderite,6.3,Found,2000,-79.68333,159.75,"(-79.68333, 159.75)"
Meteorite Hills,1032,15528,H6,9.7,Found,2000,-79.68333,159.75,"(-79.68333, 159.75)"
Meteorite Hills,1033,15529,H6,16.7,Found,2000,-79.68333,159.75,"(-79.68333, 159.75)"
Meteorite Hills,1034,15530,LL5,29.9,Found,2000,-79.68333,159.75,"(-79.68333, 159.75)"
Meteorite Hills,1035,15531,H6,22.6,Found,2000,-79.68333,159.75,"(-79.68333, 159.75)"
Meteorite Hills,1036,15532,H6,35.9,Found,2000,-79.68333,159.75,"(-79.68333, 159.75)"
Meteorite Hills,1037,15533,H6,18.1,Found,2000,-79.68333,159.75,"(-79.68333, 159.75)"
Meteorite Hills,1038,15534,Iron: ungrouped,3.69,Found,2000,-79.68333,155.75,"(-79.68333, 155.75)"
Meteorite Hills,1039,15535,H6,27.7,Found,2000,-79.68333,159.75,"(-79.68333, 159.75)"
Meteorite Hills,1040,15536,L5,43.3,Found,2000,-79.68333,159.75,"(-79.68333, 159.75)"
Meteorite Hills,1041,15537,H6,11.6,Found,2000,-79.68333,159.75,"(-79.68333, 159.75)"
Meteorite Hills,1042,15538,H6,25.1,Found,2000,-79.68333,159.75,"(-79.68333, 159.75)"
Meteorite Hills,1043,15539,H6,58.8,Found,2000,-79.68333,159.75,"(-79.68333, 159.75)"
Meteorite Hills,1044,15540,H6,12.6,Found,2000,-79.68333,159.75,"(-79.68333, 159.75)"
Meteorite Hills,1045,15541,H6,7.2,Found,2000,-79.68333,159.75,"(-79.68333, 159.75)"
Meteorite Hills,1046,15542,LL5,6.6,Found,2000,-79.68333,159.75,"(-79.68333, 159.75)"
Meteorite Hills,1047,15543,H5,22.9,Found,2000,-79.68333,159.75,"(-79.68333, 159.75)"
Meteorite Hills,1048,15544,H6,11,Found,2000,-79.68333,159.75,"(-79.68333, 159.75)"
Meteorite Hills,1049,15545,H4,37.6,Found,2000,-79.68333,159.75,"(-79.68333, 159.75)"
Meteorite Hills,1050,15546,LL6,67.6,Found,2000,-79.68333,159.75,"(-79.68333, 159.75)"
Meteorite Hills,1051,15547,H6,11.2,Found,2000,-79.68333,159.75,"(-79.68333, 159.75)"
Meteorite Hills,1052,15548,L6,26.5,Found,2000,-79.68333,159.75,"(-79.68333, 159.75)"
Meteorite Hills,1053,15549,L5,17.6,Found,2000,-79.68333,159.75,"(-79.68333, 159.75)"
Meteorite Hills,1054,15550,H6,4.8,Found,2000,-79.68333,159.75,"(-79.68333, 159.75)"
Meteorite Hills,1055,15551,L5,6.8,Found,2000,-79.68333,159.75,"(-79.68333, 159.75)"
Meteorite Hills,1056,15552,H5,18.7,Found,2000,-79.68333,159.75,"(-79.68333, 159.75)"
Meteorite Hills,1057,15553,LL6,27.5,Found,2000,-79.68333,159.75,"(-79.68333, 159.75)"
Meteorite Hills,1058,15554,LL6,37.4,Found,2000,-79.68333,159.75,"(-79.68333, 159.75)"
Meteorite Hills,1059,15555,H6,26.4,Found,2000,-79.68333,159.75,"(-79.68333, 159.75)"
Meteorite Hills,1060,15556,Diogenite,9.84,Found,2000,-79.68333,155.75,"(-79.68333, 155.75)"
Meteorite Hills,1061,15557,H6,23.1,Found,2000,-79.68333,159.75,"(-79.68333, 159.75)"
Meteorite Hills,1062,15558,H6,40.7,Found,2000,-79.68333,159.75,"(-79.68333, 159.75)"
Meteorite Hills,1063,15559,L6,12.7,Found,2000,-79.68333,159.75,"(-79.68333, 159.75)"
Meteorite Hills,1064,15560,H6,14.2,Found,2000,-79.68333,159.75,"(-79.68333, 159.75)"
Meteorite Hills,1065,15561,H6,10.1,Found,2000,-79.68333,159.75,"(-79.68333, 159.75)"
Meteorite Hills,1066,15562,H6,19.6,Found,2000,-79.68333,159.75,"(-79.68333, 159.75)"
Meteorite Hills,1067,15563,H5,33.4,Found,2000,-79.68333,159.75,"(-79.68333, 159.75)"
Meteorite Hills,1068,15564,L5,7.2,Found,2000,-79.68333,159.75,"(-79.68333, 159.75)"
Meteorite Hills,1069,15565,H6,10.6,Found,2000,-79.68333,159.75,"(-79.68333, 159.75)"
Meteorite Hills,1070,15566,LL5,6.8,Found,2000,-79.68333,159.75,"(-79.68333, 159.75)"
Meteorite Hills,1071,15567,L5,7.5,Found,2000,-79.68333,159.75,"(-79.68333, 159.75)"
Meteorite Hills,1072,15568,LL6,34.2,Found,2000,-79.68333,159.75,"(-79.68333, 159.75)"
Meteorite Hills,1073,15569,H6,32,Found,2000,-79.68333,159.75,"(-79.68333, 159.75)"
Meteorite Hills,1074,15570,H6,19.7,Found,2000,-79.68333,159.75,"(-79.68333, 159.75)"
Meteorite Hills,1075,15571,H6,7.1,Found,2000,-79.68333,159.75,"(-79.68333, 159.75)"
Meteorite Hills,1076,15572,H6,8.6,Found,2000,-79.68333,159.75,"(-79.68333, 159.75)"
Meteorite Hills,1077,15573,H6,40.6,Found,2000,-79.68333,159.75,"(-79.68333, 159.75)"
Meteorite Hills,1078,15574,L6,22.6,Found,2000,-79.68333,159.75,"(-79.68333, 159.75)"
Meteorite Hills,1079,15575,LL6,18.6,Found,2000,-79.68333,159.75,"(-79.68333, 159.75)"
Meteorite Hills,1080,15576,L6,9.3,Found,2000,-79.68333,159.75,"(-79.68333, 159.75)"
Meteorite Hills,1081,15577,H5,8.3,Found,2000,-79.68333,159.75,"(-79.68333, 159.75)"
Meteorite Hills,1082,15578,LL5,17,Found,2000,-79.68333,159.75,"(-79.68333, 159.75)"
Meteorite Hills,1083,15579,LL5,9.7,Found,2000,-79.68333,159.75,"(-79.68333, 159.75)"
Meteorite Hills,1084,15580,LL5,8.3,Found,2000,-79.68333,159.75,"(-79.68333, 159.75)"
Meteorite Hills,1085,15581,H5,29.5,Found,2000,-79.68333,159.75,"(-79.68333, 159.75)"
Meteorite Hills,1086,15582,LL5,9.8,Found,2000,-79.68333,159.75,"(-79.68333, 159.75)"
Meteorite Hills,1087,15583,CM2,1.6,Found,2000,-79.68333,155.75,"(-79.68333, 155.75)"
Meteorite Hills,1088,15584,H6,34.2,Found,2000,-79.68333,159.75,"(-79.68333, 159.75)"
Meteorite Hills,1089,15585,H6,21,Found,2000,-79.68333,159.75,"(-79.68333, 159.75)"
Meteorite Hills,1090,15586,H6,33.6,Found,2000,-79.68333,159.75,"(-79.68333, 159.75)"
Meteorite Hills,1091,15587,H6,25.7,Found,2000,-79.68333,159.75,"(-79.68333, 159.75)"
Meteorite Hills,1092,15588,H5,0.6,Found,2000,-79.68333,159.75,"(-79.68333, 159.75)"
Meteorite Hills,1093,15589,L5,12.4,Found,2000,-79.68333,159.75,"(-79.68333, 159.75)"
Meteorite Hills,1094,15590,H5,14.5,Found,2000,-79.68333,159.75,"(-79.68333, 159.75)"
Meteorite Hills,1095,15591,H5,8.9,Found,2000,-79.68333,159.75,"(-79.68333, 159.75)"
Meteorite Hills,1096,15592,LL5,17.9,Found,2000,-79.68333,159.75,"(-79.68333, 159.75)"
Meteorite Hills,1097,15593,L6,36.2,Found,2000,-79.68333,159.75,"(-79.68333, 159.75)"
Meteorite Hills,1098,15594,L6,9.3,Found,2000,-79.68333,159.75,"(-79.68333, 159.75)"
Meteorite Hills,1099,15595,H6,16.3,Found,2000,-79.68333,159.75,"(-79.68333, 159.75)"
Meteorite Hills,1100,15596,L6,15.1,Found,2000,-79.68333,159.75,"(-79.68333, 159.75)"
Meteorite Hills,1101,15597,H6,36.8,Found,2000,-79.68333,159.75,"(-79.68333, 159.75)"
Meteorite Hills,1102,15598,H5,7.1,Found,2000,-79.68333,159.75,"(-79.68333, 159.75)"
Meteorite Hills,1103,15599,H6,22.9,Found,2000,-79.68333,159.75,"(-79.68333, 159.75)"
Meteorite Hills,1104,15600,H5,19.8,Found,2000,-79.68333,159.75,"(-79.68333, 159.75)"
Meteorite Hills,1105,15601,LL5,10.6,Found,2000,-79.68333,159.75,"(-79.68333, 159.75)"
Meteorite Hills,1106,15602,LL4,45.7,Found,2000,-79.68333,159.75,"(-79.68333, 159.75)"
Meteorite Hills,1107,15603,H6,16.3,Found,2000,-79.68333,159.75,"(-79.68333, 159.75)"
Meteorite Hills,1108,15604,LL6,20.2,Found,2000,-79.68333,159.75,"(-79.68333, 159.75)"
Meteorite Hills,1109,15605,L6,12,Found,2000,-79.68333,159.75,"(-79.68333, 159.75)"
Meteorite Hills,1110,15606,H6,19,Found,2000,-79.68333,159.75,"(-79.68333, 159.75)"
Meteorite Hills,1111,15607,H5,36.2,Found,2000,-79.68333,159.75,"(-79.68333, 159.75)"
Meteorite Hills,1112,15608,H6,11.4,Found,2000,-79.68333,159.75,"(-79.68333, 159.75)"
Meteorite Hills,1113,15609,LL6,12.5,Found,2000,-79.68333,159.75,"(-79.68333, 159.75)"
Meteorite Hills,1114,15610,H5,56.6,Found,2000,-79.68333,159.75,"(-79.68333, 159.75)"
Meteorite Hills,1115,15611,LL6,38.6,Found,2000,-79.68333,159.75,"(-79.68333, 159.75)"
Meteorite Hills,1116,15612,LL6,23.1,Found,2000,-79.68333,159.75,"(-79.68333, 159.75)"
Meteorite Hills,1117,15613,H5,18.7,Found,2000,-79.68333,159.75,"(-79.68333, 159.75)"
Meteorite Hills,1118,15614,H5,11.5,Found,2000,-79.68333,159.75,"(-79.68333, 159.75)"
Meteorite Hills,1119,15615,LL4,18.5,Found,2000,-79.68333,159.75,"(-79.68333, 159.75)"
Meteorite Hills,1120,15616,H6,28.4,Found,2000,-79.68333,159.75,"(-79.68333, 159.75)"
Meteorite Hills,1121,15617,H5,24.4,Found,2000,-79.68333,159.75,"(-79.68333, 159.75)"
Meteorite Hills,1122,15618,H5,14.8,Found,2000,-79.68333,159.75,"(-79.68333, 159.75)"
Meteorite Hills,1123,15619,H6,32.6,Found,2000,-79.68333,159.75,"(-79.68333, 159.75)"
Meteorite Hills,1124,15620,H6,5.6,Found,2000,-79.68333,159.75,"(-79.68333, 159.75)"
Meteorite Hills,1125,15621,H6,24.6,Found,2000,-79.68333,159.75,"(-79.68333, 159.75)"
Meteorite Hills,1126,15622,H5,21.9,Found,2000,-79.68333,159.75,"(-79.68333, 159.75)"
Meteorite Hills,1127,15623,H6,17,Found,2000,-79.68333,159.75,"(-79.68333, 159.75)"
Meteorite Hills,1128,15624,L6,5.3,Found,2000,-79.68333,159.75,"(-79.68333, 159.75)"
Meteorite Hills,1129,15625,LL5,11.4,Found,2000,-79.68333,159.75,"(-79.68333, 159.75)"
Meteorite Hills,1130,15626,H6,54.5,Found,2000,-79.68333,159.75,"(-79.68333, 159.75)"
Meteorite Hills,1131,15627,H6,18.5,Found,2000,-79.68333,159.75,"(-79.68333, 159.75)"
Meteorite Hills,1132,15628,H6,10.5,Found,2000,-79.68333,159.75,"(-79.68333, 159.75)"
Meteorite Hills,1133,15629,L5,4.5,Found,2000,-79.68333,159.75,"(-79.68333, 159.75)"
Meteorite Hills,1134,15630,LL4,7.3,Found,2000,-79.68333,159.75,"(-79.68333, 159.75)"
Meteorite Hills,1135,15631,H6,3.8,Found,2000,-79.68333,159.75,"(-79.68333, 159.75)"
Meteorite Hills,1136,15632,Iron: IIIAB,3.21,Found,2000,-79.68333,155.75,"(-79.68333, 155.75)"
Meteorite Hills,1137,15633,LL5,1.5,Found,2000,-79.68333,159.75,"(-79.68333, 159.75)"
Meteorite Hills,1138,15634,L5,0.4,Found,2000,-79.68333,159.75,"(-79.68333, 159.75)"
Meteorite Hills,400,15635,Iron: IIIAB,4583.8,Found,2000,-79.68333,155.75,"(-79.68333, 155.75)"
Meteorite Hills,401,15636,Iron: IIIAB,205.1,Found,2000,-79.68333,155.75,"(-79.68333, 155.75)"
Meteorite Hills,402,15637,Iron: IIIAB,82.6,Found,2000,-79.68333,155.75,"(-79.68333, 155.75)"
Meteorite Hills,403,15638,Iron: IIIAB,58.5,Found,2000,-79.68333,155.75,"(-79.68333, 155.75)"
Meteorite Hills,404,15639,Iron: IIIAB,20.7,Found,2000,-79.68333,155.75,"(-79.68333, 155.75)"
Meteorite Hills,405,15640,Iron: IIIAB,17,Found,2000,-79.68333,155.75,"(-79.68333, 155.75)"
Meteorite Hills,406,15641,Iron: IIIAB,16.1,Found,2000,-79.68333,155.75,"(-79.68333, 155.75)"
Meteorite Hills,407,15642,Iron: IIIAB,5.4,Found,2000,-79.68333,155.75,"(-79.68333, 155.75)"
Meteorite Hills,408,15643,Iron: IIIAB,18.1,Found,2000,-79.68333,155.75,"(-79.68333, 155.75)"
Meteorite Hills,409,15644,Iron: IIIAB,14,Found,2000,-79.68333,155.75,"(-79.68333, 155.75)"
Meteorite Hills,410,15645,Iron: IIIAB,3,Found,2000,-79.68333,155.75,"(-79.68333, 155.75)"
Meteorite Hills,411,15646,Iron: IIIAB,3.2,Found,2000,-79.68333,155.75,"(-79.68333, 155.75)"
Meteorite Hills,412,15647,Iron: IIIAB,8.7,Found,2000,-79.68333,155.75,"(-79.68333, 155.75)"
Meteorite Hills,413,15648,Iron: IIIAB,3.8,Found,2000,-79.68333,155.75,"(-79.68333, 155.75)"
Meteorite Hills,414,15649,Iron: IIIAB,4.8,Found,2000,-79.68333,155.75,"(-79.68333, 155.75)"
Meteorite Hills,415,15650,Iron: IIIAB,5.2,Found,2000,-79.68333,155.75,"(-79.68333, 155.75)"
Meteorite Hills,416,15651,Iron: IIIAB,4.4,Found,2000,-79.68333,155.75,"(-79.68333, 155.75)"
Meteorite Hills,417,15652,Iron: IIIAB,7.8,Found,2000,-79.68333,155.75,"(-79.68333, 155.75)"
Meteorite Hills,418,15653,Iron: IIIAB,4.8,Found,2000,-79.68333,155.75,"(-79.68333, 155.75)"
Meteorite Hills,419,15654,Iron: IIIAB,9,Found,2000,-79.68333,155.75,"(-79.68333, 155.75)"
Meteorite Hills,420,15655,Iron: IIIAB,6.3,Found,2000,-79.68333,155.75,"(-79.68333, 155.75)"
Meteorite Hills,421,15656,Iron: IIIAB,6.7,Found,2000,-79.68333,155.75,"(-79.68333, 155.75)"
Meteorite Hills,422,15657,Diogenite,201.5,Found,2000,-79.68333,155.75,"(-79.68333, 155.75)"
Meteorite Hills,423,15658,Howardite,79.4,Found,2000,-79.68333,155.75,"(-79.68333, 155.75)"
Meteorite Hills,424,15659,Diogenite,98.9,Found,2000,-79.68333,155.75,"(-79.68333, 155.75)"
Meteorite Hills,425,15660,Diogenite,118.3,Found,2000,-79.68333,155.75,"(-79.68333, 155.75)"
Meteorite Hills,426,15661,CR2,31.3,Found,2000,-79.68333,155.75,"(-79.68333, 155.75)"
Meteorite Hills,427,15662,Howardite,18.6,Found,2000,-79.68333,155.75,"(-79.68333, 155.75)"
Meteorite Hills,428,15663,Iron: ungrouped,45.8,Found,2000,-79.68333,155.75,"(-79.68333, 155.75)"
Meteorite Hills,429,15664,CV3,30.5,Found,2000,-79.68333,159.75,"(-79.68333, 159.75)"
Meteorite Hills,430,15665,CV3,151.7,Found,2000,-79.68333,159.75,"(-79.68333, 159.75)"
Meteorite Hills,431,15666,CM2,23.4,Found,2000,-79.68333,155.75,"(-79.68333, 155.75)"
Meteorite Hills,432,15667,CM2,38.9,Found,2000,-79.68333,155.75,"(-79.68333, 155.75)"
Meteorite Hills,433,15668,CM2,10.9,Found,2000,-79.68333,155.75,"(-79.68333, 155.75)"
Meteorite Hills,434,15669,CM2,6.1,Found,2000,-79.68333,155.75,"(-79.68333, 155.75)"
Meteorite Hills,435,15670,CM2,2.4,Found,2000,-79.68333,155.75,"(-79.68333, 155.75)"
Meteorite Hills,436,15671,Diogenite,1765.6,Found,2000,-79.68333,155.75,"(-79.68333, 155.75)"
Meteorite Hills,437,15672,L6,2685.3,Found,2000,-79.68333,155.75,"(-79.68333, 155.75)"
Meteorite Hills,438,15673,L6,3747.4,Found,2000,-79.68333,155.75,"(-79.68333, 155.75)"
Meteorite Hills,439,15674,LL5,2601.9,Found,2000,-79.68333,155.75,"(-79.68333, 155.75)"
Meteorite Hills,440,15675,L5,1624.7,Found,2000,-79.68333,155.75,"(-79.68333, 155.75)"
Meteorite Hills,441,15676,L5,1299.6,Found,2000,-79.68333,155.75,"(-79.68333, 155.75)"
Meteorite Hills,442,15677,L4,1149.2,Found,2000,-79.68333,155.75,"(-79.68333, 155.75)"
Meteorite Hills,443,15678,L5,872,Found,2000,-79.68333,155.75,"(-79.68333, 155.75)"
Meteorite Hills,444,15679,H6,1469.6,Found,2000,-79.68333,155.75,"(-79.68333, 155.75)"
Meteorite Hills,445,15680,L5,1631.5,Found,2000,-79.68333,155.75,"(-79.68333, 155.75)"
Meteorite Hills,446,15681,L5,1181.3,Found,2000,-79.68333,155.75,"(-79.68333, 155.75)"
Meteorite Hills,447,15682,L5,1231.6,Found,2000,-79.68333,155.75,"(-79.68333, 155.75)"
Meteorite Hills,448,15683,L5,1148.7,Found,2000,-79.68333,155.75,"(-79.68333, 155.75)"
Meteorite Hills,449,15684,LL6,1192.3,Found,2000,-79.68333,155.75,"(-79.68333, 155.75)"
Meteorite Hills,450,15685,LL6,691.1,Found,2000,-79.68333,155.75,"(-79.68333, 155.75)"
Meteorite Hills,451,15686,LL6,767.2,Found,2000,-79.68333,155.75,"(-79.68333, 155.75)"
Meteorite Hills,452,15687,L(LL)3.05,774.9,Found,2000,-79.68333,159.75,"(-79.68333, 159.75)"
Meteorite Hills,453,15688,LL6,265.6,Found,2000,-79.68333,155.75,"(-79.68333, 155.75)"
Meteorite Hills,454,15689,LL6,487,Found,2000,-79.68333,155.75,"(-79.68333, 155.75)"
Meteorite Hills,455,15690,L5,489,Found,2000,-79.68333,159.75,"(-79.68333, 159.75)"
Meteorite Hills,456,15691,LL5,575.5,Found,2000,-79.68333,155.75,"(-79.68333, 155.75)"
Meteorite Hills,457,15692,LL6,709.4,Found,2000,-79.68333,155.75,"(-79.68333, 155.75)"
Meteorite Hills,458,15693,LL6,687.5,Found,2000,-79.68333,155.75,"(-79.68333, 155.75)"
Meteorite Hills,459,15694,LL6,1118.7,Found,2000,-79.68333,155.75,"(-79.68333, 155.75)"
Meteorite Hills,460,15695,H5,700.5,Found,2000,-79.68333,159.75,"(-79.68333, 159.75)"
Meteorite Hills,461,15696,L6,518,Found,2000,-79.68333,159.75,"(-79.68333, 159.75)"
Meteorite Hills,462,15697,L5,590.7,Found,2000,-79.68333,155.75,"(-79.68333, 155.75)"
Meteorite Hills,463,15698,L6,369.9,Found,2000,-79.68333,155.75,"(-79.68333, 155.75)"
Meteorite Hills,464,15699,LL6,418.9,Found,2000,-79.68333,155.75,"(-79.68333, 155.75)"
Meteorite Hills,465,15700,L5,516.4,Found,2000,-79.68333,155.75,"(-79.68333, 155.75)"
Meteorite Hills,466,15701,LL5,296.8,Found,2000,-79.68333,155.75,"(-79.68333, 155.75)"
Meteorite Hills,467,15702,L5,422.5,Found,2000,-79.68333,155.75,"(-79.68333, 155.75)"
Meteorite Hills,468,15703,L5,361.7,Found,2000,-79.68333,155.75,"(-79.68333, 155.75)"
Meteorite Hills,469,15704,L5,273,Found,2000,-79.68333,155.75,"(-79.68333, 155.75)"
Meteorite Hills,470,15705,LL6,456.2,Found,2000,-79.68333,155.75,"(-79.68333, 155.75)"
Meteorite Hills,471,15706,L5,367.1,Found,2000,-79.68333,155.75,"(-79.68333, 155.75)"
Meteorite Hills,472,15707,L6,348.3,Found,2000,-79.68333,155.75,"(-79.68333, 155.75)"
Meteorite Hills,473,15708,LL6,270,Found,2000,-79.68333,155.75,"(-79.68333, 155.75)"
Meteorite Hills,474,15709,LL5,153.26,Found,2000,-79.68333,155.75,"(-79.68333, 155.75)"
Meteorite Hills,475,15710,LL6,367.8,Found,2000,-79.68333,155.75,"(-79.68333, 155.75)"
Meteorite Hills,476,15711,L5,433.3,Found,2000,-79.68333,155.75,"(-79.68333, 155.75)"
Meteorite Hills,477,15712,LL6,474.2,Found,2000,-79.68333,155.75,"(-79.68333, 155.75)"
Meteorite Hills,478,15713,L5,343,Found,2000,-79.68333,155.75,"(-79.68333, 155.75)"
Meteorite Hills,479,15714,LL6,315,Found,2000,-79.68333,155.75,"(-79.68333, 155.75)"
Meteorite Hills,480,15715,L5,190.49,Found,2000,-79.68333,155.75,"(-79.68333, 155.75)"
Meteorite Hills,481,15716,L5,208.37,Found,2000,-79.68333,155.75,"(-79.68333, 155.75)"
Meteorite Hills,482,15717,LL6,175.28,Found,2000,-79.68333,155.75,"(-79.68333, 155.75)"
Meteorite Hills,483,15718,LL5,251.9,Found,2000,-79.68333,155.75,"(-79.68333, 155.75)"
Meteorite Hills,484,15719,L5,233.7,Found,2000,-79.68333,155.75,"(-79.68333, 155.75)"
Meteorite Hills,485,15720,LL6,221.9,Found,2000,-79.68333,155.75,"(-79.68333, 155.75)"
Meteorite Hills,486,15721,L5,157.55,Found,2000,-79.68333,155.75,"(-79.68333, 155.75)"
Meteorite Hills,487,15722,L5,159.2,Found,2000,-79.68333,155.75,"(-79.68333, 155.75)"
Meteorite Hills,488,15723,L5,132.45,Found,2000,-79.68333,155.75,"(-79.68333, 155.75)"
Meteorite Hills,489,15724,L3.6,232,Found,2000,-79.68333,155.75,"(-79.68333, 155.75)"
Meteorite Hills,490,15725,LL5,100.92,Found,2000,-79.68333,155.75,"(-79.68333, 155.75)"
Meteorite Hills,491,15726,LL6,106.57,Found,2000,-79.68333,155.75,"(-79.68333, 155.75)"
Meteorite Hills,492,15727,L5,159.97,Found,2000,-79.68333,155.75,"(-79.68333, 155.75)"
Meteorite Hills,493,15728,L5,38.99,Found,2000,-79.68333,155.75,"(-79.68333, 155.75)"
Meteorite Hills,494,15729,L5,156.83,Found,2000,-79.68333,155.75,"(-79.68333, 155.75)"
Meteorite Hills,495,15730,LL6,266.5,Found,2000,-79.68333,155.75,"(-79.68333, 155.75)"
Meteorite Hills,496,15731,L5,128.79,Found,2000,-79.68333,155.75,"(-79.68333, 155.75)"
Meteorite Hills,497,15732,LL6,221.6,Found,2000,-79.68333,155.75,"(-79.68333, 155.75)"
Meteorite Hills,498,15733,L6,112.46,Found,2000,-79.68333,155.75,"(-79.68333, 155.75)"
Meteorite Hills,499,15734,L6,111.69,Found,2000,-79.68333,155.75,"(-79.68333, 155.75)"
Meteorite Hills,500,15735,L6,230.7,Found,2000,-79.68333,155.75,"(-79.68333, 155.75)"
Meteorite Hills,501,15736,LL6,101.46,Found,2000,-79.68333,155.75,"(-79.68333, 155.75)"
Meteorite Hills,502,15737,LL5,130.78,Found,2000,-79.68333,155.75,"(-79.68333, 155.75)"
Meteorite Hills,503,15738,LL6,152.12,Found,2000,-79.68333,155.75,"(-79.68333, 155.75)"
Meteorite Hills,504,15739,L5,165.9,Found,2000,-79.68333,155.75,"(-79.68333, 155.75)"
Meteorite Hills,505,15740,LL5,174.57,Found,2000,-79.68333,155.75,"(-79.68333, 155.75)"
Meteorite Hills,506,15741,H3.4,301.1,Found,2000,-79.68333,155.75,"(-79.68333, 155.75)"
Meteorite Hills,507,15742,L5,105.13,Found,2000,-79.68333,155.75,"(-79.68333, 155.75)"
Meteorite Hills,508,15743,LL6,68.59,Found,2000,-79.68333,155.75,"(-79.68333, 155.75)"
Meteorite Hills,509,15744,LL6,180.89,Found,2000,-79.68333,155.75,"(-79.68333, 155.75)"
Meteorite Hills,510,15745,LL5,186.55,Found,2000,-79.68333,155.75,"(-79.68333, 155.75)"
Meteorite Hills,511,15746,L5,131.7,Found,2000,-79.68333,155.75,"(-79.68333, 155.75)"
Meteorite Hills,512,15747,LL5,93.4,Found,2000,-79.68333,155.75,"(-79.68333, 155.75)"
Meteorite Hills,513,15748,L5,148.29,Found,2000,-79.68333,155.75,"(-79.68333, 155.75)"
Meteorite Hills,514,15749,L5,275.1,Found,2000,-79.68333,155.75,"(-79.68333, 155.75)"
Meteorite Hills,515,15750,LL6,304.8,Found,2000,-79.68333,155.75,"(-79.68333, 155.75)"
Meteorite Hills,516,15751,L5,117.6,Found,2000,-79.68333,155.75,"(-79.68333, 155.75)"
Meteorite Hills,517,15752,LL4,247,Found,2000,-79.68333,155.75,"(-79.68333, 155.75)"
Meteorite Hills,518,15753,LL6,247.8,Found,2000,-79.68333,155.75,"(-79.68333, 155.75)"
Meteorite Hills,519,15754,LL6,210.8,Found,2000,-79.68333,155.75,"(-79.68333, 155.75)"
Meteorite Hills,520,15755,L5,263.4,Found,2000,-79.68333,155.75,"(-79.68333, 155.75)"
Meteorite Hills,521,15756,LL5,134.05,Found,2000,-79.68333,155.75,"(-79.68333, 155.75)"
Meteorite Hills,522,15757,L5,115.74,Found,2000,-79.68333,155.75,"(-79.68333, 155.75)"
Meteorite Hills,523,15758,LL6,60.78,Found,2000,-79.68333,155.75,"(-79.68333, 155.75)"
Meteorite Hills,524,15759,L6,226,Found,2000,-79.68333,155.75,"(-79.68333, 155.75)"
Meteorite Hills,525,15760,H5,135.1,Found,2000,-79.68333,159.75,"(-79.68333, 159.75)"
Meteorite Hills,526,15761,L(LL)3.05,208.2,Found,2000,-79.68333,159.75,"(-79.68333, 159.75)"
Meteorite Hills,527,15762,L5,225,Found,2000,-79.68333,155.75,"(-79.68333, 155.75)"
Meteorite Hills,528,15763,H5,104.9,Found,2000,-79.68333,159.75,"(-79.68333, 159.75)"
Meteorite Hills,529,15764,H6,152.6,Found,2000,-79.68333,159.75,"(-79.68333, 159.75)"
Meteorite Hills,530,15765,LL5,106.17,Found,2000,-79.68333,155.75,"(-79.68333, 155.75)"
Meteorite Hills,531,15766,LL6,193.91,Found,2000,-79.68333,155.75,"(-79.68333, 155.75)"
Meteorite Hills,532,15767,L5,132.6,Found,2000,-79.68333,155.75,"(-79.68333, 155.75)"
Meteorite Hills,533,15768,LL5,127.56,Found,2000,-79.68333,155.75,"(-79.68333, 155.75)"
Meteorite Hills,534,15769,L6,97.57,Found,2000,-79.68333,155.75,"(-79.68333, 155.75)"
Meteorite Hills,535,15770,L4,159.08,Found,2000,-79.68333,155.75,"(-79.68333, 155.75)"
Meteorite Hills,536,15771,L6,137.19,Found,2000,-79.68333,155.75,"(-79.68333, 155.75)"
Meteorite Hills,537,15772,L6,148.75,Found,2000,-79.68333,155.75,"(-79.68333, 155.75)"
Meteorite Hills,538,15773,L5,77.16,Found,2000,-79.68333,155.75,"(-79.68333, 155.75)"
Meteorite Hills,539,15774,LL5,193.65,Found,2000,-79.68333,155.75,"(-79.68333, 155.75)"
Meteorite Hills,540,15775,LL6,103.18,Found,2000,-79.68333,155.75,"(-79.68333, 155.75)"
Meteorite Hills,541,15776,LL5,125.82,Found,2000,-79.68333,155.75,"(-79.68333, 155.75)"
Meteorite Hills,542,15777,L6,80.3,Found,2000,-79.68333,155.75,"(-79.68333, 155.75)"
Meteorite Hills,543,15778,L6,25.45,Found,2000,-79.68333,155.75,"(-79.68333, 155.75)"
Meteorite Hills,544,15779,L5,52.65,Found,2000,-79.68333,155.75,"(-79.68333, 155.75)"
Meteorite Hills,545,15780,L5,59.76,Found,2000,-79.68333,155.75,"(-79.68333, 155.75)"
Meteorite Hills,546,15781,H5,75.87,Found,2000,-79.68333,159.75,"(-79.68333, 159.75)"
Meteorite Hills,547,15782,LL6,68.5,Found,2000,-79.68333,159.75,"(-79.68333, 159.75)"
Meteorite Hills,548,15783,L5,89.7,Found,2000,-79.68333,159.75,"(-79.68333, 159.75)"
Meteorite Hills,549,15784,L5,101.48,Found,2000,-79.68333,155.75,"(-79.68333, 155.75)"
Meteorite Hills,550,15785,LL6,104.52,Found,2000,-79.68333,155.75,"(-79.68333, 155.75)"
Meteorite Hills,551,15786,LL6,58.63,Found,2000,-79.68333,155.75,"(-79.68333, 155.75)"
Meteorite Hills,552,15787,H3.4,97.3,Found,2000,-79.68333,155.75,"(-79.68333, 155.75)"
Meteorite Hills,553,15788,L5,74.34,Found,2000,-79.68333,155.75,"(-79.68333, 155.75)"
Meteorite Hills,554,15789,L6,67.08,Found,2000,-79.68333,155.75,"(-79.68333, 155.75)"
Meteorite Hills,555,15790,L5,91.05,Found,2000,-79.68333,155.75,"(-79.68333, 155.75)"
Meteorite Hills,556,15791,L5,66.46,Found,2000,-79.68333,155.75,"(-79.68333, 155.75)"
Meteorite Hills,557,15792,LL6,49.45,Found,2000,-79.68333,155.75,"(-79.68333, 155.75)"
Meteorite Hills,558,15793,L5,157.04,Found,2000,-79.68333,155.75,"(-79.68333, 155.75)"
Meteorite Hills,559,15794,L6,95.02,Found,2000,-79.68333,155.75,"(-79.68333, 155.75)"
Meteorite Hills,560,15795,LL5,61.81,Found,2000,-79.68333,155.75,"(-79.68333, 155.75)"
Meteorite Hills,561,15796,L5,80.19,Found,2000,-79.68333,155.75,"(-79.68333, 155.75)"
Meteorite Hills,562,15797,L5,78.49,Found,2000,-79.68333,155.75,"(-79.68333, 155.75)"
Meteorite Hills,563,15798,L5,48.16,Found,2000,-79.68333,155.75,"(-79.68333, 155.75)"
Meteorite Hills,564,15799,L5,53.58,Found,2000,-79.68333,155.75,"(-79.68333, 155.75)"
Meteorite Hills,565,15800,L5,109.96,Found,2000,-79.68333,155.75,"(-79.68333, 155.75)"
Meteorite Hills,566,15801,L5,143.77,Found,2000,-79.68333,155.75,"(-79.68333, 155.75)"
Meteorite Hills,567,15802,L5,40.41,Found,2000,-79.68333,155.75,"(-79.68333, 155.75)"
Meteorite Hills,568,15803,L6,63.34,Found,2000,-79.68333,155.75,"(-79.68333, 155.75)"
Meteorite Hills,569,15804,L6,110.34,Found,2000,-79.68333,155.75,"(-79.68333, 155.75)"
Meteorite Hills,570,15805,H3.8,157.02,Found,2000,-79.68333,155.75,"(-79.68333, 155.75)"
Meteorite Hills,571,15806,LL6,114.33,Found,2000,-79.68333,155.75,"(-79.68333, 155.75)"
Meteorite Hills,572,15807,H4,95.8,Found,2000,-79.68333,155.75,"(-79.68333, 155.75)"
Meteorite Hills,573,15808,LL6,70.96,Found,2000,-79.68333,155.75,"(-79.68333, 155.75)"
Meteorite Hills,574,15809,LL5,106.46,Found,2000,-79.68333,155.75,"(-79.68333, 155.75)"
Meteorite Hills,575,15810,L5,99.16,Found,2000,-79.68333,155.75,"(-79.68333, 155.75)"
Meteorite Hills,576,15811,L6,9.49,Found,2000,-79.68333,155.75,"(-79.68333, 155.75)"
Meteorite Hills,577,15812,LL6,15.64,Found,2000,-79.68333,155.75,"(-79.68333, 155.75)"
Meteorite Hills,578,15813,L6,64.33,Found,2000,-79.68333,155.75,"(-79.68333, 155.75)"
Meteorite Hills,579,15814,L6,55.86,Found,2000,-79.68333,155.75,"(-79.68333, 155.75)"
Meteorite Hills,581,15815,LL6,100.21,Found,2000,-79.68333,155.75,"(-79.68333, 155.75)"
Meteorite Hills,582,15816,L5,176.83,Found,2000,-79.68333,155.75,"(-79.68333, 155.75)"
Meteorite Hills,583,15817,L5,51.8,Found,2000,-79.68333,155.75,"(-79.68333, 155.75)"
Meteorite Hills,584,15818,LL5,87.53,Found,2000,-79.68333,155.75,"(-79.68333, 155.75)"
Meteorite Hills,585,15819,L5,74.22,Found,2000,-79.68333,155.75,"(-79.68333, 155.75)"
Meteorite Hills,586,15820,L5,93.13,Found,2000,-79.68333,155.75,"(-79.68333, 155.75)"
Meteorite Hills,587,15821,LL5,44.83,Found,2000,-79.68333,155.75,"(-79.68333, 155.75)"
Meteorite Hills,588,15822,LL5,50.85,Found,2000,-79.68333,155.75,"(-79.68333, 155.75)"
Meteorite Hills,589,15823,H6,89.29,Found,2000,-79.68333,155.75,"(-79.68333, 155.75)"
Meteorite Hills,590,15824,LL6,90.02,Found,2000,-79.68333,155.75,"(-79.68333, 155.75)"
Meteorite Hills,591,15825,H6,114.82,Found,2000,-79.68333,155.75,"(-79.68333, 155.75)"
Meteorite Hills,592,15826,L5,95.78,Found,2000,-79.68333,155.75,"(-79.68333, 155.75)"
Meteorite Hills,593,15827,LL5,53.83,Found,2000,-79.68333,155.75,"(-79.68333, 155.75)"
Meteorite Hills,594,15828,LL6,99.51,Found,2000,-79.68333,155.75,"(-79.68333, 155.75)"
Meteorite Hills,595,15829,LL6,66.53,Found,2000,-79.68333,155.75,"(-79.68333, 155.75)"
Meteorite Hills,596,15830,LL6,62.27,Found,2000,-79.68333,155.75,"(-79.68333, 155.75)"
Meteorite Hills,597,15831,LL6,94.84,Found,2000,-79.68333,155.75,"(-79.68333, 155.75)"
Meteorite Hills,598,15832,L6,96.49,Found,2000,-79.68333,155.75,"(-79.68333, 155.75)"
Meteorite Hills,599,15833,LL6,72.18,Found,2000,-79.68333,155.75,"(-79.68333, 155.75)"
Meteorite Hills,600,15834,LL6,78.48,Found,2000,-79.68333,155.75,"(-79.68333, 155.75)"
Meteorite Hills,601,15835,LL6,58.56,Found,2000,-79.68333,155.75,"(-79.68333, 155.75)"
Meteorite Hills,602,15836,L6,121.26,Found,2000,-79.68333,155.75,"(-79.68333, 155.75)"
Meteorite Hills,603,15837,LL6,67.68,Found,2000,-79.68333,155.75,"(-79.68333, 155.75)"
Meteorite Hills,604,15838,L6,74.05,Found,2000,-79.68333,155.75,"(-79.68333, 155.75)"
Meteorite Hills,605,15839,L5,102.88,Found,2000,-79.68333,155.75,"(-79.68333, 155.75)"
Meteorite Hills,606,15840,L5,70.61,Found,2000,-79.68333,155.75,"(-79.68333, 155.75)"
Meteorite Hills,607,15841,H3.4,76.55,Found,2000,-79.68333,155.75,"(-79.68333, 155.75)"
Meteorite Hills,608,15842,L5,85.78,Found,2000,-79.68333,155.75,"(-79.68333, 155.75)"
Meteorite Hills,609,15843,LL6,65.81,Found,2000,-79.68333,155.75,"(-79.68333, 155.75)"
Meteorite Hills,610,15844,H6,118.26,Found,2000,-79.68333,155.75,"(-79.68333, 155.75)"
Meteorite Hills,611,15845,H6,113.77,Found,2000,-79.68333,155.75,"(-79.68333, 155.75)"
Meteorite Hills,612,15846,L5,110.51,Found,2000,-79.68333,155.75,"(-79.68333, 155.75)"
Meteorite Hills,613,15847,H6,53.37,Found,2000,-79.68333,155.75,"(-79.68333, 155.75)"
Meteorite Hills,614,15848,L5,81.89,Found,2000,-79.68333,155.75,"(-79.68333, 155.75)"
Meteorite Hills,615,15849,H6,166.85,Found,2000,-79.68333,155.75,"(-79.68333, 155.75)"
Meteorite Hills,616,15850,LL6,97.51,Found,2000,-79.68333,155.75,"(-79.68333, 155.75)"
Meteorite Hills,617,15851,LL6,114.01,Found,2000,-79.68333,155.75,"(-79.68333, 155.75)"
Meteorite Hills,618,15852,L5,67.12,Found,2000,-79.68333,155.75,"(-79.68333, 155.75)"
Meteorite Hills,619,15853,H6,71.18,Found,2000,-79.68333,155.75,"(-79.68333, 155.75)"
Meteorite Hills,620,15854,H6,125.21,Found,2000,-79.68333,155.75,"(-79.68333, 155.75)"
Meteorite Hills,621,15855,L3.6,88.84,Found,2000,-79.68333,155.75,"(-79.68333, 155.75)"
Meteorite Hills,622,15856,LL5,87.65,Found,2000,-79.68333,155.75,"(-79.68333, 155.75)"
Meteorite Hills,623,15857,L6,52.57,Found,2000,-79.68333,155.75,"(-79.68333, 155.75)"
Meteorite Hills,624,15858,L5,103.91,Found,2000,-79.68333,155.75,"(-79.68333, 155.75)"
Meteorite Hills,625,15859,H6,106.49,Found,2000,-79.68333,155.75,"(-79.68333, 155.75)"
Meteorite Hills,626,15860,H6,100.78,Found,2000,-79.68333,155.75,"(-79.68333, 155.75)"
Meteorite Hills,627,15861,LL5,80.74,Found,2000,-79.68333,155.75,"(-79.68333, 155.75)"
Meteorite Hills,628,15862,H6,40.72,Found,2000,-79.68333,155.75,"(-79.68333, 155.75)"
Meteorite Hills,629,15863,LL6,17.64,Found,2000,-79.68333,155.75,"(-79.68333, 155.75)"
Meteorite Hills,630,15864,CM2,10.8,Found,2000,-79.68333,155.75,"(-79.68333, 155.75)"
Meteorite Hills,631,15865,L5,5.82,Found,2000,-79.68333,155.75,"(-79.68333, 155.75)"
Meteorite Hills,632,15866,CM2,9.08,Found,2000,-79.68333,155.75,"(-79.68333, 155.75)"
Meteorite Hills,633,15867,CM2,20.44,Found,2000,-79.68333,155.75,"(-79.68333, 155.75)"
Meteorite Hills,634,15868,CV3,3.06,Found,2000,-79.68333,155.75,"(-79.68333, 155.75)"
Meteorite Hills,635,15869,CM2,2.27,Found,2000,-79.68333,155.75,"(-79.68333, 155.75)"
Meteorite Hills,636,15870,EH4,2.51,Found,2000,-79.68333,155.75,"(-79.68333, 155.75)"
Meteorite Hills,637,15871,L4,7.23,Found,2000,-79.68333,155.75,"(-79.68333, 155.75)"
Meteorite Hills,638,15872,LL6,7.5,Found,2000,-79.68333,155.75,"(-79.68333, 155.75)"
Meteorite Hills,639,15873,CM2,13.43,Found,2000,-79.68333,155.75,"(-79.68333, 155.75)"
Meteorite Hills,640,15874,L5,3.53,Found,2000,-79.68333,155.75,"(-79.68333, 155.75)"
Meteorite Hills,641,15875,L5,27.08,Found,2000,-79.68333,155.75,"(-79.68333, 155.75)"
Meteorite Hills,642,15876,LL6,47.82,Found,2000,-79.68333,155.75,"(-79.68333, 155.75)"
Meteorite Hills,643,15877,LL6,30.68,Found,2000,-79.68333,155.75,"(-79.68333, 155.75)"
Meteorite Hills,644,15878,LL6,55.1,Found,2000,-79.68333,155.75,"(-79.68333, 155.75)"
Meteorite Hills,645,15879,L5,27.43,Found,2000,-79.68333,155.75,"(-79.68333, 155.75)"
Meteorite Hills,646,15880,LL6,34.76,Found,2000,-79.68333,155.75,"(-79.68333, 155.75)"
Meteorite Hills,647,15881,LL6,55.93,Found,2000,-79.68333,155.75,"(-79.68333, 155.75)"
Meteorite Hills,648,15882,L6,20.42,Found,2000,-79.68333,155.75,"(-79.68333, 155.75)"
Meteorite Hills,649,15883,LL6,20.58,Found,2000,-79.68333,155.75,"(-79.68333, 155.75)"
Meteorite Hills,650,15884,H6,34.24,Found,2000,-79.68333,155.75,"(-79.68333, 155.75)"
Meteorite Hills,651,15885,LL6,38.48,Found,2000,-79.68333,155.75,"(-79.68333, 155.75)"
Meteorite Hills,652,15886,LL6,16.24,Found,2000,-79.68333,155.75,"(-79.68333, 155.75)"
Meteorite Hills,653,15887,L5,16.99,Found,2000,-79.68333,155.75,"(-79.68333, 155.75)"
Meteorite Hills,654,15888,H6,40.48,Found,2000,-79.68333,155.75,"(-79.68333, 155.75)"
Meteorite Hills,655,15889,L6,43.11,Found,2000,-79.68333,155.75,"(-79.68333, 155.75)"
Meteorite Hills,656,15890,L5,32.82,Found,2000,-79.68333,155.75,"(-79.68333, 155.75)"
Meteorite Hills,657,15891,L5,38.93,Found,2000,-79.68333,155.75,"(-79.68333, 155.75)"
Meteorite Hills,658,15892,L6,46.42,Found,2000,-79.68333,155.75,"(-79.68333, 155.75)"
Meteorite Hills,659,15893,L6,40.38,Found,2000,-79.68333,155.75,"(-79.68333, 155.75)"
Meteorite Hills,660,15894,L4,33.8,Found,2000,-79.68333,155.75,"(-79.68333, 155.75)"
Meteorite Hills,661,15895,H6,19.44,Found,2000,-79.68333,155.75,"(-79.68333, 155.75)"
Meteorite Hills,662,15896,H6,45.14,Found,2000,-79.68333,155.75,"(-79.68333, 155.75)"
Meteorite Hills,663,15897,L5,15.62,Found,2000,-79.68333,155.75,"(-79.68333, 155.75)"
Meteorite Hills,664,15898,L4,16.67,Found,2000,-79.68333,155.75,"(-79.68333, 155.75)"
Meteorite Hills,665,15899,LL6,30.04,Found,2000,-79.68333,155.75,"(-79.68333, 155.75)"
Meteorite Hills,666,15900,L5,15.03,Found,2000,-79.68333,155.75,"(-79.68333, 155.75)"
Meteorite Hills,667,15901,LL6,22.1,Found,2000,-79.68333,159.75,"(-79.68333, 159.75)"
Meteorite Hills,668,15902,LL6,6.6,Found,2000,-79.68333,159.75,"(-79.68333, 159.75)"
Meteorite Hills,669,15903,H6,14.3,Found,2000,-79.68333,159.75,"(-79.68333, 159.75)"
Meteorite Hills,670,15904,L6,21.94,Found,2000,-79.68333,155.75,"(-79.68333, 155.75)"
Meteorite Hills,671,15905,H6,12.5,Found,2000,-79.68333,155.75,"(-79.68333, 155.75)"
Meteorite Hills,672,15906,L6,6.82,Found,2000,-79.68333,155.75,"(-79.68333, 155.75)"
Meteorite Hills,673,15907,L6,26.07,Found,2000,-79.68333,155.75,"(-79.68333, 155.75)"
Meteorite Hills,674,15908,LL6,46.63,Found,2000,-79.68333,155.75,"(-79.68333, 155.75)"
Meteorite Hills,675,15909,LL6,16.22,Found,2000,-79.68333,155.75,"(-79.68333, 155.75)"
Meteorite Hills,676,15910,L6,13.43,Found,2000,-79.68333,155.75,"(-79.68333, 155.75)"
Meteorite Hills,677,15911,L5,34.28,Found,2000,-79.68333,155.75,"(-79.68333, 155.75)"
Meteorite Hills,678,15912,L6,27.83,Found,2000,-79.68333,155.75,"(-79.68333, 155.75)"
Meteorite Hills,679,15913,L6,23.87,Found,2000,-79.68333,155.75,"(-79.68333, 155.75)"
Meteorite Hills,680,15914,LL5,22.34,Found,2000,-79.68333,155.75,"(-79.68333, 155.75)"
Meteorite Hills,681,15915,L5,22.54,Found,2000,-79.68333,155.75,"(-79.68333, 155.75)"
Meteorite Hills,682,15916,L6,31.42,Found,2000,-79.68333,155.75,"(-79.68333, 155.75)"
Meteorite Hills,683,15917,H5,15.35,Found,2000,-79.68333,155.75,"(-79.68333, 155.75)"
Meteorite Hills,684,15918,L5,14.9,Found,2000,-79.68333,155.75,"(-79.68333, 155.75)"
Meteorite Hills,685,15919,L6,14.88,Found,2000,-79.68333,155.75,"(-79.68333, 155.75)"
Meteorite Hills,686,15920,LL6,23.14,Found,2000,-79.68333,155.75,"(-79.68333, 155.75)"
Meteorite Hills,687,15921,L6,4.59,Found,2000,-79.68333,155.75,"(-79.68333, 155.75)"
Meteorite Hills,688,15922,L6,7.28,Found,2000,-79.68333,155.75,"(-79.68333, 155.75)"
Meteorite Hills,689,15923,L6,7.03,Found,2000,-79.68333,155.75,"(-79.68333, 155.75)"
Meteorite Hills,690,15924,L6,47.65,Found,2000,-79.68333,155.75,"(-79.68333, 155.75)"
Meteorite Hills,691,15925,L6,37.59,Found,2000,-79.68333,155.75,"(-79.68333, 155.75)"
Meteorite Hills,692,15926,LL6,7.29,Found,2000,-79.68333,155.75,"(-79.68333, 155.75)"
Meteorite Hills,693,15927,L6,15.23,Found,2000,-79.68333,155.75,"(-79.68333, 155.75)"
Meteorite Hills,694,15928,CO3.6,15.87,Found,2000,-79.68333,155.75,"(-79.68333, 155.75)"
Meteorite Hills,695,15929,L6,20.24,Found,2000,-79.68333,155.75,"(-79.68333, 155.75)"
Meteorite Hills,696,15930,H6,51.19,Found,2000,-79.68333,155.75,"(-79.68333, 155.75)"
Meteorite Hills,697,15931,L6,24.55,Found,2000,-79.68333,155.75,"(-79.68333, 155.75)"
Meteorite Hills,698,15932,LL6,14.37,Found,2000,-79.68333,155.75,"(-79.68333, 155.75)"
Meteorite Hills,699,15933,L5,56.36,Found,2000,-79.68333,155.75,"(-79.68333, 155.75)"
Meteorite Hills,700,15934,H6,54,Found,2000,-79.68333,159.75,"(-79.68333, 159.75)"
Meteorite Hills,701,15935,L5,15,Found,2000,-79.68333,159.75,"(-79.68333, 159.75)"
Meteorite Hills,702,15936,H6,43,Found,2000,-79.68333,159.75,"(-79.68333, 159.75)"
Meteorite Hills,703,15937,H5,32.1,Found,2000,-79.68333,159.75,"(-79.68333, 159.75)"
Meteorite Hills,704,15938,LL5,5.3,Found,2000,-79.68333,159.75,"(-79.68333, 159.75)"
Meteorite Hills,705,15939,L6,6.6,Found,2000,-79.68333,159.75,"(-79.68333, 159.75)"
Meteorite Hills,706,15940,L5,12.4,Found,2000,-79.68333,159.75,"(-79.68333, 159.75)"
Meteorite Hills,707,15941,L4,15.2,Found,2000,-79.68333,159.75,"(-79.68333, 159.75)"
Meteorite Hills,708,15942,LL6,20.5,Found,2000,-79.68333,159.75,"(-79.68333, 159.75)"
Meteorite Hills,709,15943,Iron: IIIAB,6.8,Found,2000,-79.68333,155.75,"(-79.68333, 155.75)"
Meteorite Hills,710,15944,L5,16.9,Found,2000,-79.68333,159.75,"(-79.68333, 159.75)"
Meteorite Hills,711,15945,CO3,17,Found,2000,-79.68333,159.75,"(-79.68333, 159.75)"
Meteorite Hills,712,15946,H6,12,Found,2000,-79.68333,159.75,"(-79.68333, 159.75)"
Meteorite Hills,713,15947,H6,14.1,Found,2000,-79.68333,159.75,"(-79.68333, 159.75)"
Meteorite Hills,714,15948,H6,32.5,Found,2000,-79.68333,159.75,"(-79.68333, 159.75)"
Meteorite Hills,715,15949,H6,35.2,Found,2000,-79.68333,159.75,"(-79.68333, 159.75)"
Meteorite Hills,716,15950,LL6,6,Found,2000,-79.68333,159.75,"(-79.68333, 159.75)"
Meteorite Hills,717,15951,L5,26.1,Found,2000,-79.68333,159.75,"(-79.68333, 159.75)"
Meteorite Hills,718,15952,H6,28.4,Found,2000,-79.68333,159.75,"(-79.68333, 159.75)"
Meteorite Hills,719,15953,LL6,36.9,Found,2000,-79.68333,159.75,"(-79.68333, 159.75)"
Meteorite Hills,720,15954,LL6,34.07,Found,2000,-79.68333,155.75,"(-79.68333, 155.75)"
Meteorite Hills,721,15955,H5,17.27,Found,2000,-79.68333,155.75,"(-79.68333, 155.75)"
Meteorite Hills,722,15956,H5,25.57,Found,2000,-79.68333,155.75,"(-79.68333, 155.75)"
Meteorite Hills,723,15957,LL6,27.56,Found,2000,-79.68333,155.75,"(-79.68333, 155.75)"
Meteorite Hills,724,15958,Iron: IIIAB,3.32,Found,2000,-79.68333,155.75,"(-79.68333, 155.75)"
Meteorite Hills,725,15959,H5,41.75,Found,2000,-79.68333,155.75,"(-79.68333, 155.75)"
Meteorite Hills,726,15960,Iron: IIIAB,3.14,Found,2000,-79.68333,155.75,"(-79.68333, 155.75)"
Meteorite Hills,727,15961,H6,13.24,Found,2000,-79.68333,155.75,"(-79.68333, 155.75)"
Meteorite Hills,728,15962,LL5,9.37,Found,2000,-79.68333,155.75,"(-79.68333, 155.75)"
Meteorite Hills,729,15963,L5,2.61,Found,2000,-79.68333,155.75,"(-79.68333, 155.75)"
Meteorite Hills,730,15964,L5,15.29,Found,2000,-79.68333,155.75,"(-79.68333, 155.75)"
Meteorite Hills,731,15965,L5,13.4,Found,2000,-79.68333,155.75,"(-79.68333, 155.75)"
Meteorite Hills,732,15966,H6,4.09,Found,2000,-79.68333,155.75,"(-79.68333, 155.75)"
Meteorite Hills,733,15967,L4,8.97,Found,2000,-79.68333,155.75,"(-79.68333, 155.75)"
Meteorite Hills,734,15968,LL6,19.39,Found,2000,-79.68333,155.75,"(-79.68333, 155.75)"
Meteorite Hills,735,15969,L5,3.45,Found,2000,-79.68333,155.75,"(-79.68333, 155.75)"
Meteorite Hills,736,15970,LL6,7.3,Found,2000,-79.68333,155.75,"(-79.68333, 155.75)"
Meteorite Hills,737,15971,CO3.6,23.24,Found,2000,-79.68333,155.75,"(-79.68333, 155.75)"
Meteorite Hills,738,15972,H5,36.37,Found,2000,-79.68333,155.75,"(-79.68333, 155.75)"
Meteorite Hills,739,15973,CK4,9.21,Found,2000,-79.68333,155.75,"(-79.68333, 155.75)"
Meteorite Hills,740,15974,L5,27.18,Found,2000,-79.68333,155.75,"(-79.68333, 155.75)"
Meteorite Hills,741,15975,LL6,44.84,Found,2000,-79.68333,155.75,"(-79.68333, 155.75)"
Meteorite Hills,742,15976,CV3,1.19,Found,2000,-79.68333,155.75,"(-79.68333, 155.75)"
Meteorite Hills,743,15977,L5,9.39,Found,2000,-79.68333,155.75,"(-79.68333, 155.75)"
Meteorite Hills,744,15978,LL6,4.61,Found,2000,-79.68333,155.75,"(-79.68333, 155.75)"
Meteorite Hills,745,15979,L6,2.21,Found,2000,-79.68333,155.75,"(-79.68333, 155.75)"
Meteorite Hills,746,15980,L5,20.41,Found,2000,-79.68333,155.75,"(-79.68333, 155.75)"
Meteorite Hills,747,15981,CV3,5.04,Found,2000,-79.68333,155.75,"(-79.68333, 155.75)"
Meteorite Hills,748,15982,H6,2.09,Found,2000,-79.68333,155.75,"(-79.68333, 155.75)"
Meteorite Hills,749,15983,H6,12.43,Found,2000,-79.68333,155.75,"(-79.68333, 155.75)"
Meteorite Hills,750,15984,LL6,32.9,Found,2000,-79.68333,155.75,"(-79.68333, 155.75)"
Meteorite Hills,751,15985,H6,13.7,Found,2000,-79.68333,155.75,"(-79.68333, 155.75)"
Meteorite Hills,752,15986,H6,6.35,Found,2000,-79.68333,155.75,"(-79.68333, 155.75)"
Meteorite Hills,753,15987,L5,7.5,Found,2000,-79.68333,155.75,"(-79.68333, 155.75)"
Meteorite Hills,754,15988,L6,4.19,Found,2000,-79.68333,155.75,"(-79.68333, 155.75)"
Meteorite Hills,755,15989,H6,4.09,Found,2000,-79.68333,155.75,"(-79.68333, 155.75)"
Meteorite Hills,756,15990,H6,1.42,Found,2000,-79.68333,155.75,"(-79.68333, 155.75)"
Meteorite Hills,757,15991,H6,8.42,Found,2000,-79.68333,155.75,"(-79.68333, 155.75)"
Meteorite Hills,758,15992,LL6,3.03,Found,2000,-79.68333,155.75,"(-79.68333, 155.75)"
Meteorite Hills,759,15993,LL5,8.3,Found,2000,-79.68333,155.75,"(-79.68333, 155.75)"
Meteorite Hills,760,15994,LL6,10.12,Found,2000,-79.68333,155.75,"(-79.68333, 155.75)"
Meteorite Hills,761,15995,CV3,5.98,Found,2000,-79.68333,155.75,"(-79.68333, 155.75)"
Meteorite Hills,762,15996,L5,24.19,Found,2000,-79.68333,155.75,"(-79.68333, 155.75)"
Meteorite Hills,763,15997,L5,0.22,Found,2000,-79.68333,155.75,"(-79.68333, 155.75)"
Meteorite Hills,764,15998,L5,3.38,Found,2000,-79.68333,155.75,"(-79.68333, 155.75)"
Meteorite Hills,765,15999,L5,12.48,Found,2000,-79.68333,155.75,"(-79.68333, 155.75)"
Meteorite Hills,766,16000,L6,15.66,Found,2000,-79.68333,155.75,"(-79.68333, 155.75)"
Meteorite Hills,767,16001,LL5,16.01,Found,2000,-79.68333,155.75,"(-79.68333, 155.75)"
Meteorite Hills,768,16002,L5,8.1,Found,2000,-79.68333,155.75,"(-79.68333, 155.75)"
Meteorite Hills,769,16003,L5,37.06,Found,2000,-79.68333,155.75,"(-79.68333, 155.75)"
Meteorite Hills,770,16004,L5,33.02,Found,2000,-79.68333,155.75,"(-79.68333, 155.75)"
Meteorite Hills,771,16005,LL5,36.63,Found,2000,-79.68333,155.75,"(-79.68333, 155.75)"
Meteorite Hills,772,16006,LL5,5.93,Found,2000,-79.68333,155.75,"(-79.68333, 155.75)"
Meteorite Hills,773,16007,H5,14,Found,2000,-79.68333,155.75,"(-79.68333, 155.75)"
Meteorite Hills,774,16008,L5,26.93,Found,2000,-79.68333,155.75,"(-79.68333, 155.75)"
Meteorite Hills,775,16009,LL6,24.2,Found,2000,-79.68333,155.75,"(-79.68333, 155.75)"
Meteorite Hills,776,16010,L6,7.62,Found,2000,-79.68333,155.75,"(-79.68333, 155.75)"
Meteorite Hills,777,16011,H6,62.77,Found,2000,-79.68333,155.75,"(-79.68333, 155.75)"
Meteorite Hills,778,16012,H5,52.84,Found,2000,-79.68333,155.75,"(-79.68333, 155.75)"
Meteorite Hills,779,16013,H5,32.59,Found,2000,-79.68333,155.75,"(-79.68333, 155.75)"
Meteorite Hills,780,16014,H5,15.42,Found,2000,-79.68333,155.75,"(-79.68333, 155.75)"
Meteorite Hills,781,16015,CM2,5.36,Found,2000,-79.68333,155.75,"(-79.68333, 155.75)"
Meteorite Hills,782,16016,H6,10.59,Found,2000,-79.68333,155.75,"(-79.68333, 155.75)"
Meteorite Hills,783,16017,EH4,26.25,Found,2000,-79.68333,155.75,"(-79.68333, 155.75)"
Meteorite Hills,784,16018,H4,7.51,Found,2000,-79.68333,155.75,"(-79.68333, 155.75)"
Meteorite Hills,785,16019,L5,21.25,Found,2000,-79.68333,155.75,"(-79.68333, 155.75)"
Meteorite Hills,786,16020,L5,15.63,Found,2000,-79.68333,155.75,"(-79.68333, 155.75)"
Meteorite Hills,787,16021,H6,38.11,Found,2000,-79.68333,155.75,"(-79.68333, 155.75)"
Meteorite Hills,788,16022,L5,35.27,Found,2000,-79.68333,155.75,"(-79.68333, 155.75)"
Meteorite Hills,789,16023,LL6,13.85,Found,2000,-79.68333,155.75,"(-79.68333, 155.75)"
Meteorite Hills,790,16024,L5,35.78,Found,2000,-79.68333,155.75,"(-79.68333, 155.75)"
Meteorite Hills,791,16025,L5,9.89,Found,2000,-79.68333,155.75,"(-79.68333, 155.75)"
Meteorite Hills,792,16026,L5,49.59,Found,2000,-79.68333,155.75,"(-79.68333, 155.75)"
Meteorite Hills,793,16027,H6,40.05,Found,2000,-79.68333,155.75,"(-79.68333, 155.75)"
Meteorite Hills,794,16028,LL6,60.88,Found,2000,-79.68333,155.75,"(-79.68333, 155.75)"
Meteorite Hills,795,16029,H6,41.7,Found,2000,-79.68333,155.75,"(-79.68333, 155.75)"
Meteorite Hills,796,16030,L5,44.7,Found,2000,-79.68333,155.75,"(-79.68333, 155.75)"
Meteorite Hills,797,16031,LL6,44.57,Found,2000,-79.68333,155.75,"(-79.68333, 155.75)"
Meteorite Hills,798,16032,H6,28.1,Found,2000,-79.68333,155.75,"(-79.68333, 155.75)"
Meteorite Hills,799,16033,L5,51.42,Found,2000,-79.68333,155.75,"(-79.68333, 155.75)"
Meteorite Hills,800,16034,Howardite,1.72,Found,2000,-79.68333,155.75,"(-79.68333, 155.75)"
Meteorite Hills,801,16035,LL6,37.23,Found,2000,-79.68333,155.75,"(-79.68333, 155.75)"
Meteorite Hills,802,16036,H6,81.2,Found,2000,-79.68333,155.75,"(-79.68333, 155.75)"
Meteorite Hills,803,16037,L5,15.41,Found,2000,-79.68333,155.75,"(-79.68333, 155.75)"
Meteorite Hills,804,16038,LL6,19.35,Found,2000,-79.68333,155.75,"(-79.68333, 155.75)"
Meteorite Hills,805,16039,H6,46.5,Found,2000,-79.68333,155.75,"(-79.68333, 155.75)"
Meteorite Hills,806,16040,L5,13.62,Found,2000,-79.68333,155.75,"(-79.68333, 155.75)"
Meteorite Hills,807,16041,LL6,38.57,Found,2000,-79.68333,155.75,"(-79.68333, 155.75)"
Meteorite Hills,808,16042,LL6,30.69,Found,2000,-79.68333,155.75,"(-79.68333, 155.75)"
Meteorite Hills,809,16043,LL6,35.89,Found,2000,-79.68333,155.75,"(-79.68333, 155.75)"
Meteorite Hills,810,16044,CM2,5.91,Found,2000,-79.68333,155.75,"(-79.68333, 155.75)"
Meteorite Hills,811,16045,LL6,8.8,Found,2000,-79.68333,159.75,"(-79.68333, 159.75)"
Meteorite Hills,812,16046,Iron: IIIAB,4.96,Found,2000,-79.68333,155.75,"(-79.68333, 155.75)"
Meteorite Hills,813,16047,H5,8.6,Found,2000,-79.68333,159.75,"(-79.68333, 159.75)"
Meteorite Hills,814,16048,LL4,5.2,Found,2000,-79.68333,159.75,"(-79.68333, 159.75)"
Meteorite Hills,815,16049,LL6,67.1,Found,2000,-79.68333,159.75,"(-79.68333, 159.75)"
Meteorite Hills,816,16050,H6,54.7,Found,2000,-79.68333,159.75,"(-79.68333, 159.75)"
Meteorite Hills,817,16051,H5,52.6,Found,2000,-79.68333,159.75,"(-79.68333, 159.75)"
Meteorite Hills,818,16052,LL6,21.2,Found,2000,-79.68333,159.75,"(-79.68333, 159.75)"
Meteorite Hills,819,16053,L5,58.6,Found,2000,-79.68333,159.75,"(-79.68333, 159.75)"
Meteorite Hills,820,16054,LL6,32.68,Found,2000,-79.68333,155.75,"(-79.68333, 155.75)"
Meteorite Hills,821,16055,H6,18.14,Found,2000,-79.68333,155.75,"(-79.68333, 155.75)"
Meteorite Hills,822,16056,L5,5.97,Found,2000,-79.68333,155.75,"(-79.68333, 155.75)"
Meteorite Hills,823,16057,LL5,21.02,Found,2000,-79.68333,155.75,"(-79.68333, 155.75)"
Meteorite Hills,824,16058,H5,50.92,Found,2000,-79.68333,155.75,"(-79.68333, 155.75)"
Meteorite Hills,825,16059,L5,40.35,Found,2000,-79.68333,155.75,"(-79.68333, 155.75)"
Meteorite Hills,826,16060,LL6,38.11,Found,2000,-79.68333,155.75,"(-79.68333, 155.75)"
Meteorite Hills,827,16061,LL5,6.96,Found,2000,-79.68333,155.75,"(-79.68333, 155.75)"
Meteorite Hills,828,16062,LL5,2.78,Found,2000,-79.68333,155.75,"(-79.68333, 155.75)"
Meteorite Hills,829,16063,L6,13.91,Found,2000,-79.68333,155.75,"(-79.68333, 155.75)"
Meteorite Hills,830,16064,H6,36.5,Found,2000,-79.68333,159.75,"(-79.68333, 159.75)"
Meteorite Hills,831,16065,LL4,19.2,Found,2000,-79.68333,159.75,"(-79.68333, 159.75)"
Meteorite Hills,832,16066,H6,30.9,Found,2000,-79.68333,159.75,"(-79.68333, 159.75)"
Meteorite Hills,833,16067,H6,24.4,Found,2000,-79.68333,159.75,"(-79.68333, 159.75)"
Meteorite Hills,834,16068,Iron: IIIAB,7.05,Found,2000,-79.68333,155.75,"(-79.68333, 155.75)"
Meteorite Hills,835,16069,LL5,36.5,Found,2000,-79.68333,159.75,"(-79.68333, 159.75)"
Meteorite Hills,836,16070,H5,29.1,Found,2000,-79.68333,159.75,"(-79.68333, 159.75)"
Meteorite Hills,837,16071,H6,14.8,Found,2000,-79.68333,159.75,"(-79.68333, 159.75)"
Meteorite Hills,838,16072,LL5,12.6,Found,2000,-79.68333,159.75,"(-79.68333, 159.75)"
Meteorite Hills,839,16073,L4,26.3,Found,2000,-79.68333,159.75,"(-79.68333, 159.75)"
Meteorite Hills,840,16074,H5,10.5,Found,2000,-79.68333,159.75,"(-79.68333, 159.75)"
Meteorite Hills,841,16075,L6,6.4,Found,2000,-79.68333,159.75,"(-79.68333, 159.75)"
Meteorite Hills,842,16076,H6,20.3,Found,2000,-79.68333,159.75,"(-79.68333, 159.75)"
Meteorite Hills,843,16077,LL6,15.5,Found,2000,-79.68333,159.75,"(-79.68333, 159.75)"
Meteorite Hills,844,16078,L4,21,Found,2000,-79.68333,159.75,"(-79.68333, 159.75)"
Meteorite Hills,845,16079,L5,5.8,Found,2000,-79.68333,159.75,"(-79.68333, 159.75)"
Meteorite Hills,846,16080,L5,18.4,Found,2000,-79.68333,159.75,"(-79.68333, 159.75)"
Meteorite Hills,847,16081,LL5,38.3,Found,2000,-79.68333,159.75,"(-79.68333, 159.75)"
Meteorite Hills,848,16082,H6,14.1,Found,2000,-79.68333,159.75,"(-79.68333, 159.75)"
Meteorite Hills,849,16083,H6,12.4,Found,2000,-79.68333,159.75,"(-79.68333, 159.75)"
Meteorite Hills,850,16084,LL6,31.8,Found,2000,-79.68333,159.75,"(-79.68333, 159.75)"
Meteorite Hills,851,16085,LL6,44.8,Found,2000,-79.68333,159.75,"(-79.68333, 159.75)"
Meteorite Hills,852,16086,H6,9.4,Found,2000,-79.68333,159.75,"(-79.68333, 159.75)"
Meteorite Hills,853,16087,L5,7.9,Found,2000,-79.68333,159.75,"(-79.68333, 159.75)"
Meteorite Hills,854,16088,H6,10.4,Found,2000,-79.68333,159.75,"(-79.68333, 159.75)"
Meteorite Hills,855,16089,Diogenite,9.09,Found,2000,-79.68333,155.75,"(-79.68333, 155.75)"
Meteorite Hills,856,16090,L6,38.9,Found,2000,-79.68333,159.75,"(-79.68333, 159.75)"
Meteorite Hills,857,16091,LL6,21.7,Found,2000,-79.68333,159.75,"(-79.68333, 159.75)"
Meteorite Hills,858,16092,L5,37.1,Found,2000,-79.68333,159.75,"(-79.68333, 159.75)"
Meteorite Hills,859,16093,Iron: IIIAB,33.9,Found,2000,-79.68333,155.75,"(-79.68333, 155.75)"
Meteorite Hills,860,16094,H6,14.4,Found,2000,-79.68333,159.75,"(-79.68333, 159.75)"
Meteorite Hills,861,16095,LL5,17.5,Found,2000,-79.68333,159.75,"(-79.68333, 159.75)"
Meteorite Hills,862,16096,H6,2.2,Found,2000,-79.68333,159.75,"(-79.68333, 159.75)"
Meteorite Hills,863,16097,H6,46.1,Found,2000,-79.68333,159.75,"(-79.68333, 159.75)"
Meteorite Hills,864,16098,Iron: IIIAB,38.03,Found,2000,-79.68333,155.75,"(-79.68333, 155.75)"
Meteorite Hills,865,16099,H6,14.7,Found,2000,-79.68333,159.75,"(-79.68333, 159.75)"
Meteorite Hills,866,16100,L5,58.1,Found,2000,-79.68333,159.75,"(-79.68333, 159.75)"
Meteorite Hills,867,16101,H5,21.3,Found,2000,-79.68333,159.75,"(-79.68333, 159.75)"
Meteorite Hills,868,16102,LL5,17.9,Found,2000,-79.68333,159.75,"(-79.68333, 159.75)"
Meteorite Hills,869,16103,H6,13.6,Found,2000,-79.68333,159.75,"(-79.68333, 159.75)"
Meteorite Hills,870,16104,H6,24.8,Found,2000,-79.68333,159.75,"(-79.68333, 159.75)"
Meteorite Hills,871,16105,LL5,23.3,Found,2000,-79.68333,159.75,"(-79.68333, 159.75)"
Meteorite Hills,872,16106,H6,14.3,Found,2000,-79.68333,159.75,"(-79.68333, 159.75)"
Meteorite Hills,873,16107,H6,23.4,Found,2000,-79.68333,159.75,"(-79.68333, 159.75)"
Meteorite Hills,874,16108,H6,17.1,Found,2000,-79.68333,159.75,"(-79.68333, 159.75)"
Meteorite Hills,875,16109,H5,12.3,Found,2000,-79.68333,159.75,"(-79.68333, 159.75)"
Meteorite Hills,876,16110,H6,22.1,Found,2000,-79.68333,159.75,"(-79.68333, 159.75)"
Meteorite Hills,877,16111,L5,28.7,Found,2000,-79.68333,159.75,"(-79.68333, 159.75)"
Meteorite Hills,878,16112,H6,13.8,Found,2000,-79.68333,159.75,"(-79.68333, 159.75)"
Meteorite Hills,879,16113,H6,26.4,Found,2000,-79.68333,159.75,"(-79.68333, 159.75)"
Meteorite Hills,880,16114,L5,13.07,Found,2000,-79.68333,155.75,"(-79.68333, 155.75)"
Meteorite Hills,881,16115,H6,23.83,Found,2000,-79.68333,155.75,"(-79.68333, 155.75)"
Meteorite Hills,882,16116,LL6,36.33,Found,2000,-79.68333,155.75,"(-79.68333, 155.75)"
Meteorite Hills,883,16117,LL6,40.61,Found,2000,-79.68333,155.75,"(-79.68333, 155.75)"
Meteorite Hills,884,16118,H6,9.4,Found,2000,-79.68333,155.75,"(-79.68333, 155.75)"
Meteorite Hills,885,16119,L5,30.99,Found,2000,-79.68333,155.75,"(-79.68333, 155.75)"
Meteorite Hills,886,16120,LL6,8.75,Found,2000,-79.68333,155.75,"(-79.68333, 155.75)"
Meteorite Hills,887,16121,H6,19.16,Found,2000,-79.68333,155.75,"(-79.68333, 155.75)"
Meteorite Hills,888,16122,L5,21.66,Found,2000,-79.68333,155.75,"(-79.68333, 155.75)"
Meteorite Hills,889,16123,LL6,36.12,Found,2000,-79.68333,155.75,"(-79.68333, 155.75)"
Meteorite Hills,890,16124,L5,37.63,Found,2000,-79.68333,155.75,"(-79.68333, 155.75)"
Meteorite Hills,891,16125,H6,1.43,Found,2000,-79.68333,155.75,"(-79.68333, 155.75)"
Meteorite Hills,892,16126,LL5,25.53,Found,2000,-79.68333,155.75,"(-79.68333, 155.75)"
Meteorite Hills,893,16127,L5,4.99,Found,2000,-79.68333,155.75,"(-79.68333, 155.75)"
Meteorite Hills,894,16128,H6,15.08,Found,2000,-79.68333,155.75,"(-79.68333, 155.75)"
Meteorite Hills,895,16129,H6,17.97,Found,2000,-79.68333,155.75,"(-79.68333, 155.75)"
Meteorite Hills,896,16130,L5,20.75,Found,2000,-79.68333,155.75,"(-79.68333, 155.75)"
Meteorite Hills,897,16131,L5,20.94,Found,2000,-79.68333,155.75,"(-79.68333, 155.75)"
Meteorite Hills,898,16132,H6,23.28,Found,2000,-79.68333,155.75,"(-79.68333, 155.75)"
Meteorite Hills,899,16133,H5,18.01,Found,2000,-79.68333,155.75,"(-79.68333, 155.75)"
Meteorite Hills,900,16134,L5,23.7,Found,2000,-79.68333,155.75,"(-79.68333, 155.75)"
Meteorite Hills,901,16135,H6,6.96,Found,2000,-79.68333,155.75,"(-79.68333, 155.75)"
Meteorite Hills,902,16136,H6,20.95,Found,2000,-79.68333,155.75,"(-79.68333, 155.75)"
Meteorite Hills,903,16137,H5,21.82,Found,2000,-79.68333,155.75,"(-79.68333, 155.75)"
Meteorite Hills,904,16138,L5,44.95,Found,2000,-79.68333,155.75,"(-79.68333, 155.75)"
Meteorite Hills,905,16139,Iron: IIIAB,3.53,Found,2000,-79.68333,155.75,"(-79.68333, 155.75)"
Meteorite Hills,906,16140,H5,7.89,Found,2000,-79.68333,155.75,"(-79.68333, 155.75)"
Meteorite Hills,907,16141,LL6,39,Found,2000,-79.68333,155.75,"(-79.68333, 155.75)"
Meteorite Hills,908,16142,L5,13.05,Found,2000,-79.68333,155.75,"(-79.68333, 155.75)"
Meteorite Hills,909,16143,H5,7.44,Found,2000,-79.68333,155.75,"(-79.68333, 155.75)"
Meteorite Hills,910,16144,LL6,5.06,Found,2000,-79.68333,155.75,"(-79.68333, 155.75)"
Meteorite Hills,911,16145,H6,33.48,Found,2000,-79.68333,155.75,"(-79.68333, 155.75)"
Meteorite Hills,912,16146,H6,27.62,Found,2000,-79.68333,155.75,"(-79.68333, 155.75)"
Meteorite Hills,913,16147,H6,17.72,Found,2000,-79.68333,155.75,"(-79.68333, 155.75)"
Meteorite Hills,914,16148,LL6,12.95,Found,2000,-79.68333,155.75,"(-79.68333, 155.75)"
Meteorite Hills,915,16149,LL6,11.43,Found,2000,-79.68333,155.75,"(-79.68333, 155.75)"
Meteorite Hills,916,16150,H6,15.29,Found,2000,-79.68333,155.75,"(-79.68333, 155.75)"
Meteorite Hills,917,16151,LL5,43.93,Found,2000,-79.68333,155.75,"(-79.68333, 155.75)"
Meteorite Hills,918,16152,L5,15.03,Found,2000,-79.68333,155.75,"(-79.68333, 155.75)"
Meteorite Hills,919,16153,LL6,7.41,Found,2000,-79.68333,155.75,"(-79.68333, 155.75)"
Meteorite Hills,920,16154,H5,30,Found,2000,-79.68333,159.75,"(-79.68333, 159.75)"
Meteorite Hills,921,16155,H4,10.2,Found,2000,-79.68333,159.75,"(-79.68333, 159.75)"
Meteorite Hills,922,16156,H5,13.9,Found,2000,-79.68333,159.75,"(-79.68333, 159.75)"
Meteorite Hills,923,16157,H6,13.4,Found,2000,-79.68333,159.75,"(-79.68333, 159.75)"
Meteorite Hills,924,16158,H5,18.3,Found,2000,-79.68333,159.75,"(-79.68333, 159.75)"
Meteorite Hills,925,16159,H5,11.6,Found,2000,-79.68333,159.75,"(-79.68333, 159.75)"
Meteorite Hills,926,16160,H6,25.3,Found,2000,-79.68333,159.75,"(-79.68333, 159.75)"
Meteorite Hills,927,16161,H6,15.2,Found,2000,-79.68333,159.75,"(-79.68333, 159.75)"
Meteorite Hills,928,16162,H6,29,Found,2000,-79.68333,159.75,"(-79.68333, 159.75)"
Meteorite Hills,929,16163,H5,6.2,Found,2000,-79.68333,159.75,"(-79.68333, 159.75)"
Meteorite Hills,930,16164,H5,17.2,Found,2000,-79.68333,159.75,"(-79.68333, 159.75)"
Meteorite Hills,931,16165,L6,6.9,Found,2000,-79.68333,159.75,"(-79.68333, 159.75)"
Meteorite Hills,932,16166,LL6,12.5,Found,2000,-79.68333,159.75,"(-79.68333, 159.75)"
Meteorite Hills,933,16167,L5,21.4,Found,2000,-79.68333,159.75,"(-79.68333, 159.75)"
Meteorite Hills,934,16168,H6,30.3,Found,2000,-79.68333,159.75,"(-79.68333, 159.75)"
Meteorite Hills,935,16169,LL6,3.3,Found,2000,-79.68333,159.75,"(-79.68333, 159.75)"
Meteorite Hills,936,16170,LL6,4.8,Found,2000,-79.68333,159.75,"(-79.68333, 159.75)"
Meteorite Hills,937,16171,H6,22.1,Found,2000,-79.68333,159.75,"(-79.68333, 159.75)"
Meteorite Hills,938,16172,H6,45.9,Found,2000,-79.68333,159.75,"(-79.68333, 159.75)"
Meteorite Hills,939,16173,H6,4.8,Found,2000,-79.68333,159.75,"(-79.68333, 159.75)"
Meteorite Hills,940,16174,H4,50.8,Found,2000,-79.68333,159.75,"(-79.68333, 159.75)"
Meteorite Hills,941,16175,H6,38.6,Found,2000,-79.68333,159.75,"(-79.68333, 159.75)"
Meteorite Hills,942,16176,LL6,68.3,Found,2000,-79.68333,159.75,"(-79.68333, 159.75)"
Meteorite Hills,943,16177,H6,22.3,Found,2000,-79.68333,159.75,"(-79.68333, 159.75)"
Meteorite Hills,944,16178,L4,19.07,Found,2000,-79.68333,155.75,"(-79.68333, 155.75)"
Meteorite Hills,945,16179,LL5,20.2,Found,2000,-79.68333,159.75,"(-79.68333, 159.75)"
Meteorite Hills,946,16180,L5,5.1,Found,2000,-79.68333,159.75,"(-79.68333, 159.75)"
Meteorite Hills,947,16181,H6,91.7,Found,2000,-79.68333,159.75,"(-79.68333, 159.75)"
Meteorite Hills,948,16182,L5,24.2,Found,2000,-79.68333,159.75,"(-79.68333, 159.75)"
Meteorite Hills,949,16183,LL6,33.6,Found,2000,-79.68333,159.75,"(-79.68333, 159.75)"
Meteorite Hills,950,16184,LL5,7.8,Found,2000,-79.68333,159.75,"(-79.68333, 159.75)"
Meteorite Hills,951,16185,EL6,25,Found,2000,-79.68333,159.75,"(-79.68333, 159.75)"
Meteorite Hills,952,16186,L5,12.6,Found,2000,-79.68333,159.75,"(-79.68333, 159.75)"
Meteorite Hills,953,16187,L4,30.5,Found,2000,-79.68333,159.75,"(-79.68333, 159.75)"
Meteorite Hills,954,16188,LL6,47.9,Found,2000,-79.68333,159.75,"(-79.68333, 159.75)"
Meteorite Hills,955,16189,L5,7.8,Found,2000,-79.68333,159.75,"(-79.68333, 159.75)"
Meteorite Hills,956,16190,H6,50.8,Found,2000,-79.68333,159.75,"(-79.68333, 159.75)"
Meteorite Hills,957,16191,LL5,26,Found,2000,-79.68333,159.75,"(-79.68333, 159.75)"
Meteorite Hills,958,16192,L5,7,Found,2000,-79.68333,159.75,"(-79.68333, 159.75)"
Meteorite Hills,959,16193,LL6,51.4,Found,2000,-79.68333,159.75,"(-79.68333, 159.75)"
Meteorite Hills,960,16194,H6,44.9,Found,2000,-79.68333,159.75,"(-79.68333, 159.75)"
Meteorite Hills,961,16195,LL5,25.4,Found,2000,-79.68333,159.75,"(-79.68333, 159.75)"
Meteorite Hills,962,16196,H5,46.8,Found,2000,-79.68333,159.75,"(-79.68333, 159.75)"
Meteorite Hills,963,16197,LL6,19.7,Found,2000,-79.68333,159.75,"(-79.68333, 159.75)"
Meteorite Hills,964,16198,L5,8.5,Found,2000,-79.68333,159.75,"(-79.68333, 159.75)"
Meteorite Hills,965,16199,H6,28.1,Found,2000,-79.68333,159.75,"(-79.68333, 159.75)"
Meteorite Hills,966,16200,LL5,20.2,Found,2000,-79.68333,159.75,"(-79.68333, 159.75)"
Meteorite Hills,967,16201,LL6,69.7,Found,2000,-79.68333,159.75,"(-79.68333, 159.75)"
Meteorite Hills,968,16202,L4,9.63,Found,2000,-79.68333,155.75,"(-79.68333, 155.75)"
Meteorite Hills,969,16203,LL6,44.8,Found,2000,-79.68333,159.75,"(-79.68333, 159.75)"
Meteorite Hills,970,16204,L5,15.4,Found,2000,-79.68333,159.75,"(-79.68333, 159.75)"
Meteorite Hills,971,16205,H6,28.4,Found,2000,-79.68333,159.75,"(-79.68333, 159.75)"
Meteorite Hills,972,16206,L6,1.6,Found,2000,-79.68333,159.75,"(-79.68333, 159.75)"
Meteorite Hills,973,16207,L5,7,Found,2000,-79.68333,159.75,"(-79.68333, 159.75)"
Meteorite Hills,974,16208,H5,40.6,Found,2000,-79.68333,159.75,"(-79.68333, 159.75)"
Meteorite Hills,975,16209,L6,40.7,Found,2000,-79.68333,159.75,"(-79.68333, 159.75)"
Meteorite Hills,976,16210,H5,24.9,Found,2000,-79.68333,159.75,"(-79.68333, 159.75)"
Meteorite Hills,977,16211,H5,13.2,Found,2000,-79.68333,159.75,"(-79.68333, 159.75)"
Meteorite Hills,978,16212,LL5,24.1,Found,2000,-79.68333,159.75,"(-79.68333, 159.75)"
Meteorite Hills,979,16213,LL5,10.6,Found,2000,-79.68333,159.75,"(-79.68333, 159.75)"
Meteorite Hills,980,16214,L6,74.8,Found,2000,-79.68333,159.75,"(-79.68333, 159.75)"
Meteorite Hills,981,16215,LL5,42.3,Found,2000,-79.68333,159.75,"(-79.68333, 159.75)"
Meteorite Hills,982,16216,L5,8.7,Found,2000,-79.68333,159.75,"(-79.68333, 159.75)"
Meteorite Hills,983,16217,L5,9.8,Found,2000,-79.68333,159.75,"(-79.68333, 159.75)"
Meteorite Hills,984,16218,L6,29,Found,2000,-79.68333,159.75,"(-79.68333, 159.75)"
Meteorite Hills,985,16219,H6,25.4,Found,2000,-79.68333,159.75,"(-79.68333, 159.75)"
Meteorite Hills,986,16220,LL6,38.6,Found,2000,-79.68333,159.75,"(-79.68333, 159.75)"
Meteorite Hills,987,16221,L5,31.1,Found,2000,-79.68333,159.75,"(-79.68333, 159.75)"
Meteorite Hills,988,16222,LL6,12.8,Found,2000,-79.68333,159.75,"(-79.68333, 159.75)"
Meteorite Hills,989,16223,L5,36.1,Found,2000,-79.68333,159.75,"(-79.68333, 159.75)"
Meteorite Hills,990,16224,LL6,42.6,Found,2000,-79.68333,159.75,"(-79.68333, 159.75)"
Meteorite Hills,991,16225,LL5,25.3,Found,2000,-79.68333,159.75,"(-79.68333, 159.75)"
Meteorite Hills,992,16226,H6,45,Found,2000,-79.68333,159.75,"(-79.68333, 159.75)"
Meteorite Hills,993,16227,LL5,59.2,Found,2000,-79.68333,159.75,"(-79.68333, 159.75)"
Meteorite Hills,994,16228,L5,65.1,Found,2000,-79.68333,159.75,"(-79.68333, 159.75)"
Meteorite Hills,995,16229,LL6,53.7,Found,2000,-79.68333,159.75,"(-79.68333, 159.75)"
Meteorite Hills,996,16230,LL6,11.4,Found,2000,-79.68333,159.75,"(-79.68333, 159.75)"
Meteorite Hills,997,16231,H5,41.3,Found,2000,-79.68333,159.75,"(-79.68333, 159.75)"
Meteorite Hills,998,16232,L5,38.1,Found,2000,-79.68333,159.75,"(-79.68333, 159.75)"
Meteorite Hills,999,16233,L5,8.9,Found,2000,-79.68333,159.75,"(-79.68333, 159.75)"
Milton,1,16691,Pallasite: ungrouped,2040,Found,2000,40.2875,-95.37667,"(40.2875, -95.37667)"
Mohawk,1,34059,Iron: IAB complex,586,Found,2000,32.73,-113.71,"(32.73, -113.71)"
Northeast Africa,3,34271,Lunar (bas. breccia),124,Found,2000,30.46667,13.55,"(30.46667, 13.55)"
Northwest Africa,47,17057,Eucrite,5200,Found,2000,,,
Northwest Africa,49,17059,Eucrite-pmict,276,Found,2000,,,
Northwest Africa,60,17070,CK5,604,Found,2000,,,
Northwest Africa,61,17071,LL4,298,Found,2000,,,
Northwest Africa,62,17072,CO3.4,968,Found,2000,,,
Northwest Africa,63,17073,H4,128,Found,2000,,,
Northwest Africa,64,17074,L5,13700,Found,2000,,,
Northwest Africa,65,17075,H5,5094,Found,2000,,,
Northwest Africa,66,17076,L6,2858,Found,2000,,,
Northwest Africa,67,17077,L6,12000,Found,2000,,,
Northwest Africa,69,17078,L6,3808,Found,2000,,,
Northwest Africa,70,17079,H6,8224,Found,2000,,,
Northwest Africa,73,17080,L6,2914,Found,2000,,,
Northwest Africa,74,17081,H6,2686,Found,2000,,,
Northwest Africa,78,17082,H5,1172,Found,2000,,,
Northwest Africa,79,17083,H5,2350,Found,2000,,,
Northwest Africa,80,17084,H5,124,Found,2000,,,
Northwest Africa,81,17085,L6,314,Found,2000,,,
Northwest Africa,83,17086,LL3.9,32,Found,2000,,,
Northwest Africa,85,17087,H3.8,1804,Found,2000,,,
Northwest Africa,91,17088,L6,370,Found,2000,,,
Northwest Africa,92,17089,L3.7,88,Found,2000,,,
Northwest Africa,93,17090,L6,266,Found,2000,,,
Northwest Africa,94,17091,LL3.6,252,Found,2000,,,
Northwest Africa,95,17092,L6,451,Found,2000,,,
Northwest Africa,96,17093,H3.8,2510,Found,2000,,,
Northwest Africa,97,17094,H5,700,Found,2000,,,
Northwest Africa,98,17095,L6,5624,Found,2000,,,
Northwest Africa,99,17096,H6,16000,Found,2000,,,
Northwest Africa,100,17097,L6,7136,Found,2000,,,
Northwest Africa,161,17371,H4,296,Found,2000,29.91667,-5.58333,"(29.91667, -5.58333)"
Northwest Africa,101,17099,H4,2436,Found,2000,,,
Northwest Africa,102,17100,L5,2014,Found,2000,,,
Northwest Africa,103,17101,L6,1188,Found,2000,,,
Northwest Africa,104,17102,L6,4162,Found,2000,,,
Northwest Africa,1044,17103,L6,80.4,Found,2000,,,
Northwest Africa,1045,17104,H4/5,102,Found,2000,,,
Northwest Africa,1046,17105,H5,809,Found,2000,,,
Northwest Africa,1047,17106,L6,593,Found,2000,,,
Northwest Africa,1048,17107,L3,35.8,Found,2000,,,
Northwest Africa,1049,17108,L6,626,Found,2000,,,
Northwest Africa,105,17109,H6,1382,Found,2000,,,
Northwest Africa,1050,17110,L6,214,Found,2000,,,
Northwest Africa,106,17113,L4,4254,Found,2000,,,
Northwest Africa,107,17117,H3.7,1630,Found,2000,,,
Northwest Africa,108,17118,L6,1612,Found,2000,,,
Northwest Africa,109,17120,L6,1166,Found,2000,,,
Northwest Africa,110,17121,L6,820,Found,2000,,,
Northwest Africa,111,17123,H6,3918,Found,2000,,,
Northwest Africa,112,17126,L6,144,Found,2000,,,
Northwest Africa,1150,17127,Howardite,67.05,Found,2000,,,
Northwest Africa,1151,17128,LL5,126,Found,2000,,,
Northwest Africa,1152,17129,C3-ung,98,Found,2000,,,
Northwest Africa,1172,17130,H5,120000,Found,2000,,,
Northwest Africa,118,17136,LL6,436,Found,2000,,,
Northwest Africa,1180,17137,CR2,1705,Found,2000,,,
Northwest Africa,1182,17139,Howardite,780,Found,2000,,,
Northwest Africa,1199,17150,H5,78,Found,2000,,,
Northwest Africa,120,17151,H6,218,Found,2000,,,
Northwest Africa,1200,17152,H5,1077,Found,2000,,,
Northwest Africa,1201,17153,H4,206,Found,2000,28.00083,-9.27,"(28.00083, -9.27)"
Northwest Africa,1233,17184,L3.7,146,Found,2000,,,
Northwest Africa,1234,17185,LL6,102,Found,2000,,,
Northwest Africa,1235,17186,Aubrite-an,80,Found,2000,,,
Northwest Africa,1236,17187,H4,171,Found,2000,,,
Northwest Africa,1237,17188,L6,153,Found,2000,,,
Northwest Africa,1238,17189,LL6,53,Found,2000,,,
Northwest Africa,124,17191,H5,2909,Found,2000,,,
Northwest Africa,130,17229,H3.7,430,Found,2000,,,
Northwest Africa,1329,30768,H4,465,Found,2000,,,
Northwest Africa,1337,30769,L3.9,92,Found,2000,,,
Northwest Africa,134,17230,L6,104,Found,2000,,,
Northwest Africa,1356,30770,H5,76,Found,2000,,,
Northwest Africa,137,17231,L6,155,Found,2000,,,
Northwest Africa,138,17232,H5,848,Found,2000,,,
Northwest Africa,139,17233,H6,21.4,Found,2000,,,
Northwest Africa,1390,30771,H3.8,270,Found,2000,,,
Northwest Africa,1391,30772,L6,1091,Found,2000,,,
Northwest Africa,1392,30773,H5,64,Found,2000,,,
Northwest Africa,1395,30774,H3.8,734,Found,2000,,,
Northwest Africa,1397,30775,L/LL6,40000,Found,2000,,,
Northwest Africa,141,17234,H5,425,Found,2000,,,
Northwest Africa,1463,17239,Winonaite,1001,Found,2000,,,
Northwest Africa,148,17256,H5,43,Found,2000,,,
Northwest Africa,1500,17277,Achondrite-ung,3300,Found,2000,,,
Northwest Africa,151,17285,L6,116,Found,2000,,,
Northwest Africa,1535,17297,H5,285,Found,2000,,,
Northwest Africa,1536,17298,H4,276,Found,2000,,,
Northwest Africa,1537,17299,L5,528,Found,2000,,,
Northwest Africa,1538,17300,LL4,280,Found,2000,,,
Northwest Africa,1539,17301,L4,156.2,Found,2000,,,
Northwest Africa,1540,17302,L5,130,Found,2000,,,
Northwest Africa,1541,17303,L5,54.7,Found,2000,,,
Northwest Africa,1542,17304,L5,66,Found,2000,,,
Northwest Africa,1543,17305,H4,58.1,Found,2000,,,
Northwest Africa,1544,32337,H4,28.7,Found,2000,,,
Northwest Africa,1545,17306,H5,209,Found,2000,,,
Northwest Africa,1546,32338,L5,500,Found,2000,,,
Northwest Africa,155,17310,H5,170,Found,2000,,,
Northwest Africa,1559,17318,CK3,284,Found,2000,,,
Northwest Africa,1562,17321,LL6,380,Found,2000,,,
Northwest Africa,1563,17322,CK5,2950,Found,2000,,,
Northwest Africa,1587,17346,H4,50,Found,2000,,,
Northwest Africa,1588,17347,H3.8,300,Found,2000,,,
Northwest Africa,1589,17348,H5,73,Found,2000,,,
Northwest Africa,160,17360,H4,137,Found,2000,30.08333,-5.66667,"(30.08333, -5.66667)"
Northwest Africa,162,17374,H4,818,Found,2000,29.91667,-5.58333,"(29.91667, -5.58333)"
Northwest Africa,173,17435,H5,68.1,Found,2000,,,
Northwest Africa,174,17436,H4,177.6,Found,2000,,,
Northwest Africa,175,17437,L5,74,Found,2000,,,
Northwest Africa,178,17462,L6,150,Found,2000,,,
Northwest Africa,1781,17464,H6,102,Found,2000,,,
Northwest Africa,1782,17465,Ureilite,163,Found,2000,,,
Northwest Africa,1783,17466,L3.7,413,Found,2000,,,
Northwest Africa,1784,17467,R4/5,184,Found,2000,,,
Northwest Africa,1791,17474,L6,900,Found,2000,,,
Northwest Africa,1810,17490,EL5,42,Found,2000,,,
Northwest Africa,184,17507,L6,294,Found,2000,,,
Northwest Africa,1878,17511,Mesosiderite-B,42,Found,2000,,,
Northwest Africa,1982,17578,Mesosiderite-C,368,Found,2000,,,
Northwest Africa,2210,32950,CH3 ,74,Found,2000,,,
Northwest Africa,222,17628,L6,164,Found,2000,,,
Northwest Africa,2234,17629,Ureilite,422,Found,2000,30.91667,-4.9,"(30.91667, -4.9)"
Northwest Africa,2235,17630,Lodranite,64,Found,2000,,,
Northwest Africa,224,17635,H3.7,148,Found,2000,,,
Northwest Africa,2253,30913,L4,80.5,Found,2000,28.16667,-7.9,"(28.16667, -7.9)"
Northwest Africa,2254,30914,L5,129.5,Found,2000,28.2,-7.75,"(28.2, -7.75)"
